name,info,tokens
Administration,,state|former|county|lawyer|chief|sheriff|speaker|attorney|secretary|district|mayor|minister|holder|council|session|clerk|assistant|assembly|chairman|ag|deputy|lt|state's|trooper|continental|administrator|oversee|parliament|connecticut|col|colonial|commissioner|govenor|supervisor|governor's|univ|provincial|delaware|sheriff's
American,cities,detroit|houston|tx|sc|nyc|ga|az|valley|rural|atlanta|dakota|cleveland|kansa|seattle|montana|brooklyn|toronto|phoenix|tn|denver|mn|philly|wyoming|delta|columbus|killeen|midwest|tampa|idaho|pittsburgh|portland|nashville|nebraska|memphis|southeast|vancouver|fla|southwest|northeast|sw|nm
American,states,texas|california|florida|nc|carolina|ny|alabama|michigan|arizona|ohio|georgia|alaska|wisconsin|arkansas|colorado|hawaii|virginia|massachusetts|missouri|louisiana|oklahoma|utah|mississippi|illinois|indiana|fl|iowa|cali|miami|minnesota|nj|wi|pennsylvania|tennessee|oregon|kentucky|oakland|nevada|maine|greensboro|maryland|vermont|calif|wv
Compare,comparative,more|better|le|different|rather|bigger|higher|greater|easier|harder|stronger|closer|cheaper|larger|differently|smaller|sooner|safer|louder|fewer|healthier|happier|poorer|slower|weaker|cleaner|simpler|brighter|darker|wiser|diff|warmer|kinder|wider|newer|mor|thicker|broader
Compare,superlative,dumbest|stupidest|funniest|smartest|coolest|saddest|craziest|scariest|nicest
Compliment,,beautiful|wonderful|lovely|adorable|unique|gorgeous|fabulous|iconic|remarkable|magnificent|spectacular|legendary|superb|phenomenal|perfection|flawless|majestic|marvelous|beautifull|grate
Congress,,party|congress|senator|senate|representative|rep|congressman|congressional|committee|rnc|legislature|legislator|lawmaker|scotus|party's|bipartisan|caucus|staffer|overwhelmingly|cfr|filibuster|incumbent|democratically|congresswoman|judiciary|gerrymander
Election,,election|debate|campaign|2016|2012|poll|presidential|sander|november|2017|primary|rig|08|2020|winner|nomination|ballot|2018|award|victory|contest|recount|delegate|electoral|lottery|superbowl|brexit|prize|landslide|booth|upcoming|powerball|nobel|re-election|referendum|reelection|inaugural|lotto|absentee|rp|emmy|midterm|2024|turnout|precinct|contender|2019|mccain-palin|write-in|elector
Emoji,angry,ğŸ˜¡|ğŸ‘|ğŸ’©|ğŸ˜ |ğŸ˜ˆ|ğŸ”«|ğŸ’€|ğŸ˜¤|ğŸ’¥|ğŸ‘¹|ğŸ‘¿|ğŸ¤¡|ğŸ·|ğŸ˜´|ğŸ‘º|âŒ
Emoji,happy,ğŸ˜|ğŸ˜Š|ğŸ˜|ğŸ˜|ğŸ˜‰|ğŸ˜€|ğŸ˜˜|ğŸ˜„|ğŸ˜ƒ|xx|xxx|ğŸ¤—|ğŸ„|ğŸ™‚|safyre
Emoji,gesture,ğŸ»|ğŸ‘|ğŸ™|ğŸ‘|ğŸ¼|ğŸ–•|ğŸ½|ğŸ‘Œ|ğŸ¾|ğŸ™Œ|ğŸ¿|âœŠ|ğŸ’ª|ğŸ‘Š|ğŸ¤˜|ğŸ‘®|ğŸ‘‹|ğŸ’|ğŸ™‹|ğŸ¤™
Emoji,smile,:)|:d|<3|;)|:-)|:p|:/|;-)|=)|(:
Emoji,funny,ğŸ˜‚|ğŸ™„|ğŸ¤£|ğŸ¤”|ğŸ˜œ|ğŸ˜†|ğŸ˜…|ğŸ˜|ğŸ‘€|ğŸ˜|ğŸ‘½|ğŸ¸|ğŸ˜‹|ğŸ˜›|ğŸ¤“|ğŸ™ƒ|ğŸ—|ğŸ¤‘|ğŸ•|ğŸ‘¾|ğŸ‘…|ğŸ»|ğŸ’|ğŸ”|ğŸº|ğŸ¤ª|ğŸŒ
Emoji,sad,:(|ğŸ˜­|ğŸ˜¢|ğŸ˜©|ğŸ˜”|ğŸ˜|ğŸ˜•|ğŸ˜¥|ğŸ’”|ğŸ˜–|ğŸ˜°|ğŸ˜£|:-(|ğŸ˜«|ğŸ˜ª|ğŸ˜“|:'(|ğŸ˜Ÿ|ğŸ™
Emoji,doubt,â€|âœŒ|â™€|ğŸ¤¦|â™‚|ğŸ¤·|â˜|ğŸ‘©|ğŸ‘¨|ğŸ‘|â“|ğŸ‘¦
Emoji,surprise,ğŸ˜±|ğŸ˜³|ğŸ˜’|ğŸ˜®|ğŸ˜²|ğŸ˜¬|ğŸ˜¨|ğŸ™ˆ|ğŸ˜|ğŸ˜‘|ğŸ˜µ|ğŸ˜·|ğŸ˜¯|ğŸ˜§|ğŸ™Š|ğŸ¤¢|ğŸ˜¦|ğŸ™€|ğŸ˜¶|ğŸ¤¤|ğŸ¤
Fact,,fact|research|report|information|evidence|source|google|snopesref|document|data|statistic|online|scientific|cite|politifactref|verify|stats|survey|credible|apa|analysis|factual|sample|reliable|wikipedia|citation|ama|dobbs|documentation|narth|pew|cbo|disprove|validity|consensus|checker|census|scientifically|reputable|cdc|accuracy|statistical|confirmation|gallup|thorough|factcheck|rasmussen|factually|non-partisan|authenticity|graph|hypothesis|anecdotal|empirical
Fake,very fake,joke|disgrace|trick|hoax|failure|genius|tool|conspiracy|usual|prank|scam|myth|distraction|scheme|stunt|maverick|disappointment|slogan|coincidence|pawn|travesty|ploy|non-issue|bunk|farce|setup|metaphor|shocker|scapegoat|diversion|disservice|ponzi|prat|gimmick|grandstand
Fake,,fake|false|bias|twist|spin|mislead|incorrect|debunk|photoshopped|stag|bogus|contradict|distort|untrue|blatantly|fabricate|exaggerate|inaccurate|parrot|skew|disingenuous|deceptive|baseless|slant|misrepresent|rehearse|regurgitate|malicious|unfounded|repetitive|falsify|misinterpret|contrive|trickery
Fake,somewhat fake,lie|propaganda|corruption|rhetoric|tactic|spew|narrative|blatant|deception|rumor|outright|misinformation|manipulation|deceit|speculation|distortion|falsehood|hysteria|fabrication|innuendo|disinformation|hyperbole|misrepresentation|propoganda|untruth|fear-mongering
Financial,economic plan,bill|plan|policy|security|program|obamacare|budget|economic|immigration|aca|financial|affordable|reform|legislation|propose|agreement|daca|universal|stimulus|parenthood|proposal|fiscal|amnesty|socialize|taxation|nafta|ndaa|hb2|partnership|tpp|replacement|deregulation|expansion|resolution|hc|monetary|unaffordable|lifeline|comprehensive|trumpcare|gi|tariff|long-term|migration|prohibition|canada's|tort|sopa|unfunded|cra
Financial,accounting,number|cost|debt|low|price|increase|rate|income|lower|poverty|wage|rat|double|standard|deficit|unemployment|minimum|premium|percentage|growth|iq|score|deductible|burden|inflation|rank|decline|decrease|employment|gap|triple|annual|gdp|temperature|exceed|skyrocket|shrink|margin|ceiling|reduction|significantly|maximum|bracket|temp|yearly|annually|ratio|workforce|soar|drastically|caput|spike|earner|dramatically|threshold|digit|productivity|plummet|massively|disparity|index|quadruple|frequency|probability|median|exponentially|artificially|foreclosure|china's|incarceration|marginal|intake
Financial,monetary,money|tax|dollar|fund|account|ticket|profit|credit|wealth|taxpayer|property|foundation|cash|vacation|subscription|loan|donation|salary|contract|charity|revenue|capital|package|payment|surplus|bond|donor|exchange|household|contribution|dime|paycheck|subsidy|mortgage|relief|fortune|refund|discount|monthly|hike|loophole|deduction|bonus|incentive|payroll|reservation|postage|weekly|fundraiser|membership|liability|monies|unlimited|charitable|receipt|compensation|pp|deposit|supplement|bulk|retiree|reparation|exemption|waiver|paypal|slush|transaction|lavish|payout|royalty|quota|nickel|hefty|expenditure|unpaid|inheritance|401k|annuity|payoff|raiser|beneficiary
Government,,government|law|system|rule|park|federal|union|official|gov|department|authority|govt|defense|executive|regulation|code|agency|branch|reserve|gov't|irs|mandate|fda|dept|goverment|infrastructure|cemetery|treasury|postal|commission|clause|intervention|surveillance|agriculture|judicial|transportation|protocol|treaty|militia|provision|government's|legislative|audit|epa|np|commerce|bureau|oversight|guideline|jurisdiction|statute|governmental|bureaucrat|defence|bureaucracy|usda|limitation|administrative|fcc|mechanism|dod|ordinance|automate|inspection|telecommunication|overreach|militarization|federally|regulatory
Health,insurance,health|insurance|education|healthcare|benefit|welfare|stamp|medicare|coverage|medicaid|retirement|assistance|rent|handout|pension|recipient|provider|tuition|heath|freebie|utility|maternity|perk|ssi|ration|voucher|ebt|homeowner|foodstamps|babysitter|comp
Health,hospital,doctor|medical|condition|hospital|quality|treatment|nurse|medicine|patient|shelter|facility|disability|med|development|medication|therapy|procedure|delivery|surgeon|physician|counsel|fitness|clinic|necessity|nutrition|pre-existing|therapist|psychologist|rehab|psychiatrist|psychiatric|diagnosis|adequate|dental|hazard|prescribe|caregiver|dentist|undergo|practitioner|evaluation|clinical|preexist|counselor|malpractice|doctor's|medically|insulin|accommodation|wellness
Laugh,informal and normal,lol|omg|wtf|lmao|haha|xd|hahaha|lmfao|hahahaha|wth
Laugh,informal and strong,hahahahaha|omfg|hahah|hahahahahaha|jk|lmaooo|lolol|lololol|lmbo|bahahaha|bahaha|lmfaooo|lolololol|yooo|lmaoo|lmmfao
Minority,race and sex,white|black|gay|male|female|heterosexual|feminist|lesbian|transgender|trans|bisexual|bi|genitalia|mutilate|alpha|hetero|mutilation|genital|transgendered|beta|circumcision|blk
Minority,vulnerable groups,child|poor|young|hungry|adult|average|homeless|struggle|elderly|senior|older|disable|younger|teen|teenager|sharecropper|unemployed|handicap|needy|orphan|infant|teenage|hardworking|uninsured|helpless|boomer|obese|middle-class|jobless|autistic|impoverish|underage|hard-working|low-income|overweight|laborer|underpay|stricken
Modal,,will|don't|would|can|should|can't|could|didn't|must|may|dont|won't|might|wouldn't|cannot|cant|couldn't|shouldn't|haven't|didnt|wont|would've|wouldnt|should've|hadn't|could've|couldnt|shouldnt|havent
Name,pliticians,romney|mccain|carson|mitt|cruz|palin|paul|ted|ron|penny|ryan|biden|newt|allen|rubio|kaine|gingrich|kasich|rand|marco|nugent|cain|sen|grayson|gore|mc|santorum|jeb|willard|herman|christie|rudy|mitten|huckabee|fiorina|giuliani|mcsame|bachmann|mcain|mcbush|crist|franken|ossoff|bachman|nader
Name,Trump,trump|obama|barry|obummer|dt|bo|nobama|drumpf|chump|djt|trumpet|bho|#45|cheeto|obozo|oboma|obuma|0bama|tump|ovomit|trumpy|obumer
Name,former president,bush|george|reagan|johnson|jr|kennedy|ronald|carter|richard|lincoln|jimmy|jfk|nixon|cheney|abraham|sr|lbj|fdr|roosevelt|regan|mlk|gw|abe|eisenhower|lyndon|ronnie|hoover|gwb|2.0|truman|orwell|dwight|herbert|theodore|carlin|ike|perot|dubya
Name,Clinton,hillary|clinton|bernie|hilary|killary|hrc|killery|hitlery|hilliary|hillery|hiliary|hitlary|rodham|billary|shillary|hellary
Nation,,canada|mexico|europe|france|uk|germany|india|england|australia|britain|kenya|brazil|greet|italy|sweden|ireland|indonesia|spain|norway|venezuela|greece|abroad|nigeria|poland|scotland|philippine|switzerland|denmark|netherlands|bangladesh|iceland|belgium|portugal|ontario|alberta|sri|finland|quebec|lanka
Nationality,,african|mexican|english|native|hispanic|indian|german|british|chinese|european|french|irish|asian|caucasian|spanish|italian|japanese|greek|egyptian|australian|latin|oriental|cuban|korean|brit|nigerian|brazilian|descent|arabic|dutch|scottish|legion|cherokee|ancestry|vietnamese|portuguese|afro|filipino|swedish|scot|norwegian|fluent
Negative,,sad|offend|surprise|angry|disappoint|embarrass|shock|sicken|annoy|disturb|entertain|impress|terrify|appal|frighten|fascinate|sadden|depress|horrify|frustrate|cringe|amuse|stun|speechless|repulse|astound|irritate|infuriate|comical|baffle|astonish|intrigue|dishearten|dismay|enrage|nauseate|reassure
Negative,,fear|hatred|anger|emotion|rage|negativity|laughter|intolerance|sadness|envy|profanity|paranoia|vitriol|sorrow|excitement|despair|ugliness|venom|malice|bitterness|discord|animosity|discontent
Offend,,racist|offensive|nasty|bigot|hateful|rude|childish|hypocritical|petty|homophobic|sexist|bigoted|insensitive|stereotype|intolerant|foul|inappropriate|vulgar|crude|homophobe|obnoxious|racially|pretentious|derogatory|condescend|misogynist|discriminatory|lewd|hurtful|misogynistic|xenophobic|raciest|judgemental|distasteful|stereotypical|crass|snarky|spiteful|hate-filled|tasteless|belligerent|rasist
Opinion,,wrong|agree|deal|meet|disagree|fill|tie|decorate|replace|contact|associate|relationship|encounter|combine|connect|relation|comply|interfere|satisfy|familiar|obsess|interaction|compete|confront|negotiate|communicate|equate|consistent|cooperate|affiliate|align|interact|intervene|obsession|consult|merge|tamper|equip|disagreement|cope|resonate|riddle|coordinate|reunite|sympathize|concur|conspire|reconcile|correlate|collude|bombard|contend|synonymous|correspond|certainty|coexist
Opinion,,much|important|easy|likely|often|dangerous|obvious|similar|difficult|painful|popular|impossible|expensive|strange|relevant|accurate|appropriate|refresh|effective|useful|acceptable|complex|rare|productive|ironic|comfortable|odd|fortunate|impressive|significant|importantly|aggressive|attractive|valuable|awkward|uncomfortable|helpful|progressively|harsh|transparent|complicate|realistic|controversial|apparent|humane|questionable|believable|bizarre|meaningful|convenient|intense|suspicious|dramatic|unlikely|constructive|efficient|evident|unusual|beneficial|frequent|profitable|pleasant|competitive|crucial|comparable|unsafe|understandable|risky|subtle|unpopular|incline|humorous|costly|sophisticate|suitable|sinister|accessible|cautious|plausible|doubtful|favorable|stressful|prevalent|applicable|apt|proactive|enjoyable|uncommon|precise|efficiently|unpleasant|masculine|uncanny|flexible|infinitely|unpredictable|notable
Party,,republican|democrat|gop|democratic|dems|dem|repubs|demo|repub|rinos|republican's|democrates|democraps|dem's|obstructionist|democrat's|repugs
Personal,,your|my|their|her|ur|people's|whose|someone's|everyone's|man's|one's|thier|woman's|person's|anyone's|other's|somebody's|everybody's|everyones|carrie's|anyones|another's
Religion,non-Christian,muslim|radical|jew|islamic|jewish|extremist|arab|brotherhood|orthodox|islamist|radicalize|hindu|jihad|infidel|kenyan|buddhist|jihadist|fundamentalist|militant|sunni|sympathizer|moslem|sect|systematically|muslin|tribal|shia|non-muslims|barbarian|sikh|gypsy
Religion,Christian,christian|church|pope|catholic|mormon|pastor|wright|francis|priest|rev|preacher|scholar|temple|jeremiah|saul|moses|baptist|bishop|profess|theology|protestant|alinsky|liberation|choir|lds|benedict|devout|apostle|missionary|farrakhan|imam|cardinal|reverend|denomination
Religion,god,god|amen|jesus|lord|christ|prayer|faith|sin|god's|heaven|spirit|grace|angel|allah|joy|creator|forgiveness|kingdom|sinner|miracle|guidance|salvation|divine|heavenly|glorious|christ's|messenger|trump.god|repentance|hallelujah|saviour|supernatural|lord's|shalom|trinity|yeshua|richly|g-d|redemption|revival|covenant|sabbath|yahweh|humbly
Religion,evil,evil|devil|satan|cult|demon|wicked|pagan|beast|satanic|hail|antichrist|lucifer|vatican|demonic|ruler|possess|emperor|ritual|spawn|goddess|satanist|anti-christ|jesuit|satan's|pharisee|heathen|reptilian|destroyer|babylon|gentile|worshiper|juda|doer|wickedness|freemason|serpent|worshipper
Society,civilian,of|people|american|man|those|person|human|men|politician|public|folk|voter|community|worker|ppl|individual|population|victim|patriot|minority|customer|privilege|scientist|wildlife|poacher|tourist|rhino|factor|ranger|vast|viewer|user|american's|visitor|vulnerable|guilt|evangelicals|quo|peep|demographic|electorate|supremacy|listener|populace|southerner|officer's|californian|participant|indenture|millennials|floridian|dissent|inmate|commenters|variable|citizenry|carolinian|citizen's|poeple|crackhead|predominantly|goy|youngster|christian's|baristas|unbeliever|leo's|turk|amerikkka
Surprise,informal,oh|damn|dear|goodness|woah|gosh|nooo|ah|dang|whoa|alright|honey|ahhh|awww|darn|ohhh|ooo|aww|hoo|yah|ohh|aw|ahh|sweetie|oooh|ooh|boi|dammit|gawd|yeh|naw|betcha|lordy|@matureamericanable|noo|damnit|lawd|golly
Swear,informal and hate majority,moron|fool|loser|clown|cunt|dumbass|jerk|douche|prick|jackass|dummy|turd|lunatic|twat|douchebag|looser|buffoon|dipshit|dickhead|psycho|twit|fucktard|bozo|goof|wanker|dolt|tard|nitwit|dork|dimwit|schmuck|simpleton|putz|dumbfuck|blowhard|quack|dunce|nutter|doofus|dingbat|fuckhead
Swear,informal and hate minority,bitch|dude|nigger|nigga|fucker|negro|monkey|faggot|redneck|cracker|homo|fag|motherfucker|sob|queer|ghetto|mf|juggalos|hick|coon|gangster|hillbilly|inbred|weirdo|slob|kettle|chimp|whitey|gorilla|cocksucker|gangsta|baboon|mofo|bich|spook|wetback|spic|kike
Swear,informal and short,*|f|#|@|sh|fu|ck|ing|bullsh|cking|pu|fuc|tch|shi
Swear,informal and simple,fuck|fuckin|dam|fuk|fucken|goddamn|fk|fkn|fricken|damm|fn|f'n|f'ing|fck|fricking|frigging|fukin|f-ing|gd|fking|fuking|fuckn|fing|fcking|friggen
Swear,informal and long,bastard|scum|sheep|parasite|scumbags|degenerate|ungrateful|goon|maggot|cockroach|celebs|fucktards|swine|junky|asshats|peasant|cretin|shithead|douchebags|complainer|vermin|neanderthal|naysayer|slug|dipshits|dweller|a-holes|politicans|subhuman|knucklehead
Vote,,vote|win|elect|impeach|appoint|nominate|assassinate|re-elected|reelect|re-elect|inaugurate|ineligible
,,".|,|and|that|...|not|but|if|just|or|who|by|why|because|..|)|then|even|well|&|/|still|yes|also|which|actually|maybe|;|without|yet|probably|either|though|etc|include|however|anymore|obviously|anyway|unless|definitely|nor|except|whether|honestly|plus|certainly|perhaps|personally|neither|btw|unfortunately|apparently|otherwise|basically|although|usually|â€”|therefore|besides|surely|whom|currently|sadly|thus|fully|despite|bc|anyways|hardly|meanwhile|necessarily|generally|normally|hence|furthermore|secondly|financially|essentially|technically|heavily|potentially|thankfully|freely|whereas|effectively|typically|historically|successfully|luckily|evidently|lastly|fortunately|ironically|thereby|voluntarily|exclusively|nevertheless|newly|additionally|collectively|becuase|moreover|definately|likewise|imho|infact|undoubtedly|constitutionally|similarly|therefor|indefinitely|independently|religiously|namely|admittedly|becasue|incidentally|ergo"
,,be|it's|i'm|that's|you're|he's|im|she's|they're|thats|we're|ya|y'all|yall|shes|youre|ya'll|iam|theyre|i'am
,,the|our|other|today|unite|foreign|divide|third|america's|modern|throughout|western|develop|peaceful|today's|wide|tolerant|friendly|worldwide|inner|civilize|secular|humanitarian|stable|sovereign|hostile|diverse|unify|inclusive|fundamentally|parallel|prosperous|orient|populate|conservation|globally|superpower|nurture|dominant|arguably|industrialize|usa's
,,!|bye|maga|ğŸ’¯|yay|goodbye|fdt|#trump2016|#fdt|ğŸš«|#feelthebern|felicia|donal|booo|woo|bam|ftw|beto|anyhow|#fuckdonaldtrump|wooo|#hillary2016|gooo|yasss|hooray|heil|adios|woohoo|buh|goo|woot|motherfucking|yeahhh|fuckkk|sux|fucc|#bernie2016|donold|#firecolbert|fack
,,a|thing|these|work|live|always|feel|such|eat|fight|ğŸ‡º|sound|act|wait|break|play|treat|||build|middle|judge|special|holy|sing|civil|â€¢|apologize|cross|snoop|bone|sleep|responsible|luck|sake|supreme|stone|grief|label|felt|smell|search|target|blah|hunt|memory|cell|grip|taste|grab|model|â€“|section|prepare|meow|bleed|battle|duck|boo|nightmare|rushmore|cheer|1.3|beg|hunter|ex|ayers|pregnant|behave|mentality|pose|goldwater|maker|poster|karma|gate|bloody|hug|dogg|foster|instance|draft|tan|sore|champion|league|tackle|ken|vomit|puke|ding|koch|upper|rawhide|deed|shed|repair|sling|organizer|anchor|pratt|posse|revolt|it'd|needle|euthanize|kneel|awaken|warfare|#alb|tantrum|brake|trophy|secretly|temper|icp|furious|gimme|riddance|eternity|thesis|revenge|dodger|maher|hearted|bounty|ache|lust|crave|spark|gag|romance|cosby|deface|scout|mourn|merchandise|wag|boner|mood|flock|goose|philipe|willow|theorist||bigly|imaginary|snitch|eachother|wah|column|vest|pete's|mickey|starter|twilight|stoke|mold|debacle|triumph|dread|substitute|who've|fore|;(|naughty|dixie|dong|rogue|andolini|misspell|nanny|casual|mare|cupcake|talker|cartoonist|euthanizing|stitch|goosebump|spur|emoji|that'd|itch|wich|ops|rekt|hee|miner|pave|squash|spank|piggy|learner|domino|poker|hound|blizzard|farmer's|haircut|merchant|barf|merch|heaven's|who'd|cancellation|forge|dame|yuge|weld|devos|changer|indirectly|0:00|steward|token|thr|cray|à¦¾|groom|mend|spokesperson|payback|burp|loudest|grandma's|diarrhea|fend|nature's|goody|nag|notorious|tease|erect|skate|menace|snipe|cheerleader|tickle|snd|blowjob|martyr|avi|merle|hustle|stutter|unisex|shaft|wretched|fodder|hugger|muh|drunken|diehard|rash|peyton|waver|vandalize|deez|dynasty|touchdown|yearn|dawg|fap|summon|atm|unbearable|merger|disgruntle|wield|loughner|grabber|xfinity|weary|lively|haitian|retarted|obedient|opus|overload|peg|sensation|gent|daft|jumper|immortal|abd|sever|onward|newyork|handedly|flaunt|afterward|itchy|à§‡|squirm|furnish|heartedly|ğŸ’¡|vanity|unlock|legged|ayn|allways|mandela|sneeze|tge|rat's|sanger|mascot|mod|wrench|atta|screech|reflex
,,to|in|for|on|up|at|out|over|back|off|into|down|against|away|around|through|under|together|behind|between|along|forward|above|across|within|towards|upon|outside|ahead|among|everywhere|apart|thru|below|toward|aside|onto|backwards|viral|forth|elsewhere|beside|amongst|backward|peacefully|tide|overboard|downhill|astray
,,you|i|it|this|they|we|he|what|u|me|she|them|him|any|please|something|nothing|someone|everyone|anything|anyone|everything|yourself|others|themselves|whatever|himself|myself|nobody|everybody|somebody|anybody|somewhere|whoever|anywhere|yourselves|ourselves|herself|whomever|noone|somthing|no-one|someplace|oneself|everthing
,,"?|""|do|with|like|no|about|make|ha|way|than|doe|here|start|hell|else|far|power|what's|hurt|there's|exactly|common|bite|teach|alone|especially|nut|hide|who's|bos|further|near|here's|whats|dare|zero|heck|item|com|climate|root|us|material|witness|famous|locker|where's|empty|leaf|boom|fabric|humor|mate|co|stump|picker|swamp|fyi|invent|mo|nowhere|dy|kanye|oval|lean|bubble|else's|sensitivity|nowadays|lately|slay|babe|bricka|petrify|accent|dose|rotten|flop|homework|ect|balloon|how's|scenario|mainly|deplorables|stoop|reap|vocal|sow|crown|blank|jelly|excessive|remotely|sender|holster|shred|flake|plea|telephone|);|putin's|cheek|demonstrable|trace|skeleton|flip-flop|norris|bio|precisely|polar|beneath|projection|waaay|joanna|specially|decimal|garner|firmly|azonto|slightest|minus|slippery|literal|wayyy|nit|pale|worthwhile|esp|wheres|happend|nobody's|backup|bunyan|tsk|contradiction|gossip|hp|flint|fishy|bride|facial|humour|smartphone|trojan|rump|spade|beget|teh|swiss|salve|squat|ponder|persist|phantom|outweigh|mysterious|somethings|suspicion|puzzle|amuck|apps|bagger|occurrence|trademark|fudge|ventura|tad|pol|nom|gangnam|gall|aboard|manchester|fetch|testosterone|hawaiian|hows|get's|hash|sheep's|slang|vujanic|oddly|unchecked|pub|1-202-224-3121|wedge|fluff|mayhem|jessy|dea|pudding|flexibility|everything's|:||jazzy|incase|stash|coo|preferably|font|heteros|artpop|flopper|kunte|reel|entail|pronoun|10x|entrench|chem|loosely|baggage|gummy|everton|pastry|loos|samsung|idiot's|lag|smoothly|chore|realization|afterall|connotation|cliche|strangely|tinfoil|interestingly|chopper|day's|artwork|crunch|amok|something's|say's|decree|collateral|3x|signify|sleeper"
,,have|need|want|right|use|try|enough|allow|seem|continue|choose|force|deserve|able|suppose|decide|due|refuse|ready|compare|attempt|fit|belong|require|demand|accord|welcome|appear|seek|refer|qualify|challenge|pretend|manage|entitle|intend|prior|tend|appeal|attract|unable|superior|urge|pledge|resort|pander|attach|ought|cease|contrary|aspire|extent|cater|behold|strive|vow|cling|aloud|pertain|conform|fullest|obligate|ment|unwilling|akin|prone|destine|purport|oblige|want's|imperative
,,all|some|many|every|lot|each|half|thousand|several|hundred|plenty|alot|multiple|ton|numerous|various|dozen|countless|allot|multitude
,,get|go|take|come|put|leave|run|bring|move|turn|stay|hold|hit|fall|walk|drive|sit|stick|step|burn|pass|push|fly|jump|reach|roll|draw|enter|finish|fell|pee|strike|bury|drag|switch|disappear|sink|crawl|blast|settle|slip|shift|rot|skip|slam|slide|swing|stab|explode|climb|bump|bounce|sweep|sneak|fade|dive|float|burst|steer|ram|wander|inject|stumble|tuck|drift|cram|vanish|halfway|sunset|aby|revert|cower|oblivion|plunge|pedal
,,so|how|really|too|pretty|sooo|kinda|tho|af|soo|tbh|realy|asf|hella|tooo|awfully
,,wa|doesn't|isn't|wasn't|aren't|weren't|hasn't|ain't|doesnt|isnt|aint|wasnt|arent|hasnt|dosent|werent|arnt
,,say|think|know|see|believe|tell|mean|hear|ask|understand|guess|remember|forget|saw|realize|bet|trust|mention|imagine|expect|admit|notice|promise|assume|suggest|regret|swear|convince|approve|guarantee|suspect|recall|imply|discover|announce|condone|assure|recommend|predict|realise|belive|conclude|beleive|reckon|presume|underestimate|insinuate|anticipate|wager|remeber
,,from|when|now|never|where|before|after|while|next|since|already|once|until|during|almost|soon|finally|later|literally|everyday|forever|hopefully|till|immediately|nearly|quickly|eventually|slowly|via|barely|suddenly|whenever|anytime|til|everytime|officially|someday|happily|wherever|gladly|instantly|practically|whilst|afterwards|await|willingly|permanently|quietly|b4|rapidly|untill|magically|halt|fir|alway|scramble|gradually|fro|befor|silently
,,one|matter|reason|idea|wonder|chance|longer|doubt|excuse|proof|responsibility|harm|clue|consequence|offense|compromise|substance|credibility|exception|bind|whatsoever|criticism|sympathy|backbone|pun|accountability|merit|recognition|virtually|justification|compass|offence|boundary|remorse|relevance|taker|repercussion|objection|brainer|mater|wrongdoing|biggie|suprise
,,cotton|there|an|only|real|same|happen|true|new|slave|old|last|ï¸|free|long|hard|ğŸ‡¸|truth|political|ago|bear|whole|answer|fan|high|national|constitution|close|begin|waste|single|serious|record|perfect|safe|correct|entire|possible|test|fine|personal|per|positive|current|clear|fair|worth|process|fault|equal|alive|late|machine|normal|certain|major|short|limit|large|calf|original|eu|itself|solution|daily|early|harvest|date|healthy|gift|key|york|necessary|balance|available|puerto|outrage|register|proper|cotten|fresh|recent|exact|rico|yellowstone|volunteer|kuwait|regular|final|halftime|previous|silent|extinct|prime|earlier|pacer|petition|quiet|4.3|requirement|heavy|solid|scholarship|firm|evolve|proceed|minor|tall|consent|max|sweat|dna|sanctuary|jersey|originally|anthem|euthanized|mandatory|cropper|21st|neutral|pre|norm|lab|bloom|resume|sacred|schedule|temporary|fitnessgram|â„¢|traveler|awake|aerobic|exhaust|nh|luxury|beep|gram|multistage|labour|viable|brief|expire|vital|void|initial|bliss|signature|routine|underground|latter|broker|delay|contempt|hampshire|strictly|transition|sustainable|hostage|staple|poppy|machinery|orleans|criterion|immune|sufficient|selective|breton|span|nationwide|patent|disposable|barista|romantic|substantial|jackpot|euthanasia|steady|televise|slim|protective|stark|absent|identical|handy|lightly|zealand|voluntary|usps|distant|ovation|yorker|minimal|intact|secondary|overtime|parcel|precedent|prolong|withdrawal|nationally|defer|lemonade|temporarily|compliant|plaintiff|stellar|attacker|piper|fundraise|stork|obsolete|vigilant|ripe|eligibility|nudist|modest|enlistment|idle|valiant|functional|marketplace|civic|spar|unequal|paralyze|nan|flyer|rightful|expectancy|radicalised|yorkers|overdue|carnival|pretrial|tenant|proclamation|darkest|cadet|concession|landmark|cheapest|grudge|comcast's|lapse|sterile|guinea|deadline|inception|unconscious|decompose|slate|solvent|militarize|downgrade|forecast|comfortably
,,his|obama's|trump's|hillary's|clinton's|obamas|bush's|mccain's|romney's|president's|palin's|bill's|donald's|mccains|carson's|reagan's|hilary's|mitt's|bernie's|ryan's|paul's|cruz's|colbert's|sarah's|biden's|bruce's|gop's|palins|kennedy's|willard's|snowden's|springsteen's
,,-|:|urlref|=|~|v|>|^|_|0|<|aka|sarcasm|dot|sigh|alert|cough|hint|insert|ie|org|::|correction|yawn|=d|wink|666|=p|gasp|cont|sic|gotcha|facepalm|07|disclaimer|newsflash|->|<---|shrug|zzz|06|derp|-->|plural|paraphrase|--->|mrbonyman|=/|03|adjective|05|spoiler|jokamaja|tt|noun|plato|eg|ahem|333|8)
,,love|hope|respect|hate|bless|wish|miss|pray|enjoy|appreciate|admire|prefer|applaud|salute|embrace|pity|luv|despise|commend|adore|weep|cherish|loathe|congratulate|resent|detest|looove|abhor
,,country|america|world|nation|usa|future|society|economy|nature|planet|generation|democracy|culture|environment|specie|republic|monument|ours|universe|country's|existence|mankind|world's|civilization|nation's|dimension|galaxy|ecosystem
,,time|year|day|second|month|week|hour|minute|yr|decade|century|min|awhile|year's
,,good|bad|big|funny|nice|cool|scary|fast|hot|cute|sweet|weird|tough|gross|desperate|cheap|bore|lame|busy|creepy|dope|shitty|sexy|classic|bright|relax|clever|crappy|badass|rough|neat|tight|sharp|slick|smooth|shady|lousy|whack|freaky|goofy|wack|manly|catchy|overrate|keen|mediocre|predictable|stiff|wierd|goood|spooky|tame|scarey|tricky|corny|cheesy|edgy|sloppy|tuff|dank|rad|blurry|tacky|trendy|touchy|messy|gud|funky|helluva
,,thank|mr|sir|bruce|gaga|colbert|springsteen|bravo|keanu|kudos|whoopi|congratulation|reef|blaire|macron|oprah|sincerely|abbott|ty|#merrychristmasstarbucks|hildreth|doc|mulvaney|thx|thankyou|feuerstein|rowe|lebron|iz|mr.trump|emmanuel|mister|buscemi|goldberg|ynp|madam|dearly|thank-you|ma'am|tpd|whoopie|dr.carson|thanx|xo|prokhorenko|mr.president|xoxo|destin|@chris6134|beckham|godspeed|madame|illitch|winfrey|#respect|wtg|abbot|#pandora|goodnight|aloha|ceelo
,,(|let|job|ever|another|both|place|1|service|seriously|control|class|social|un|term|attention|quit|court|hobby|lobby|4.33|mine|merry|educate|super|period|border|effect|amendment|mark|]|[|card|x|con|ship|lover|remain|practice|travel|pro|plain|note|â€¦|labor|space|tim|twice|cheat|dump|warm|cast|tea|era|inform|lesson|center|weather|core|traffic|breath|style|status|naked|app|approach|affair|stfu|deplorable|advantage|pc|vice|measure|fame|motel|advice|oath|partner|ï»¿|resist|potential|zoo|opener|ky|tank|zone|priority|craft|bait|correctness|certificate|net|theirs|operation|fashion|privacy|approval|tour|location|experiment|so-called|loyal|circumstance|asap|method|awareness|gene|stranger|deaf|desperately|anal|range|pleasure|disregard|panel|guest|permission|hip|subscriber|fi|task|conference|consideration|enlighten|calculator|plot|selection|atleast|sometime|polish|chamber|priceless|ownership|versus|bla|launch|courtesy|clone|alike|tot|exit|spare|entry|assassination|pardon|shield|fare|length|boarder|poach|quarantine|bargain|seeker|rug|cape|feather|grader|compliment|24/7|revolutionary|crow|gtfo|refuge|chapo|exposure|wisely|echo|verbal|140|altogether|thereof|promotion|coup|responder|participation|#fakenews|foremost|discourse|nipsey|custom|audacity|Ã±Ã±Ã±|def|semper|miserably|difficulty|partial|diplomacy|speach|guardian|abt|technique|scrutiny|censorship|operative|nap|confession|edition|barrier|clearance|copyright|toll|parental|wether|heed|usage|ot|disclosure|valhalla|esteem|residence|cod|hollow|breach|instal|scalia|diplomatic|probe|negotiation|centre|selfie|guise|bidder|retreat|affirmative|foe|aswell|compliance|360|pi|innocence|passive|hesitate|zip|shy|chromosome|uncover|notch|momentum|inquiry|arrival|sodom|caution|tp|arsenal|symbolism|cyber|engagement|exodus|whichever|infamous|suite|redo|brightest|illegitimate|loom|suppression|dow|politic|imagery|fierce|remedy|outcry|hitler's|preparation|paradigm|circuit|2x|schnatter|canine|orson|domain|pesky|burial|tweak|incoming|drastic|introduction|yada|cocktail|presently|critically|ammendment|tel|slacker|maid|inter|cv|sm|painkiller|adversity|premier|cull|captive|abridge|soc|tactical|bowel|wifi|casper|brace|tweeter|scrutinize|donalds|ambush|defiantly|tribulation|individually|maneuver|reset|detector|hussle|iheart|selfies|humiliation|farewell|circulation|giver|when's|precaution|conquest|looong|feeder|ore|conventional|diligence|iceberg|#election2016|california's|ofcourse|pretense|unmarried|boycot|c-section|remembrance|baiter|ether|dialog|sphere|definetly|comma|eco|stealth|demolition|neutrality|iran's|suspension
,,president|donald|candidate|leader|administration|governor|barack|presidency|potus|pres|nominee|vp|commander|prez|admin|barrack|versa|barak|45th|flotus|canidate|commander-in-chief|vice-president
,,look|end|least|laugh|age|moment|concert|risk|speed|loss|rally|direct|inauguration|expense|convention|finest|funeral|arrive|stake|straw|pm|aim|height|odds|airport|poke|ease|helm|pace|lest|peak|midnight|entrance|disadvantage|marvel|forefront|conception|trough|jab|glance|foam|prospect|disposal|recess|hurl|glare|discretion|1600|noon|whim|dmv|peril|inn|excel
,,life|own|family|self|dream|favorite|enemy|fellow|ancestor|neighbor|lifetime|relative|ally|youth|childhood|grandchild|heritage|savior|children's|family's|beloved|homeland|idol|favourite|fav|life's|spouse|forefather|fate|client|elder|peer|destiny|demise|livelihood|descendant|sens|offspring|hometown|deepest|friendship|neighbour|fave|kin|countryman|upbringing|respective|childrens|plight|condolence|ringtone|homies|oppressor|favs|well-being|parent's|overlord|companion
,,give|pay|buy|send|spend|cut|raise|fee|add|return|receive|earn|afford|gain|donate|produce|reduce|owe|contribute|payer|print|collect|borrow|invest|expand|dodge|sponsor|transfer|raid|generate|inflate|subsidize|distribute|boost|lend|repay|acquire|default|privatize|redistribution|slash|compensate|evade|redistribute|devalue|levy|funnel|accumulate|reimburse|launder|lessen|squander|recieve|evasion|redirect|earmark|hoard|offset|subtract|incur|deduct|recieved
,,pick|keep|stand|open|suck|sign|straight|feed|catch|rise|clean|team|pop|jack|mix|wind|round|pack|chop|wash|dry|prop|match|lap|gather|gin|hook|split|wrap|pump|swallow|hype|beam|runner|gear|drum|stack|gig|sew|stair|puff|plow|bark|ladder|scotty|thump|pony|swell|skirt|sober|surf|sprout|snatch|strait|mop|roar|brew|shack|harden|creek|crank|cozy|lube|saddle|muster
,,'|em|lil|freakin|sayin|ole|ol|friggin|pickin|goin|delight|birthers|frickin|gon|murica|doin|lookin|gettin|merica|nothin|lyin|lovin|tryin|flippin|livin|makin|thang|effin|smokin|takin|comin|somethin
,,great|amaze|awesome|brilliant|excellent|fantastic|incredible|epic|outstanding|awsome|terrific|exceptional
,,stop|cause|huge|complete|total|spread|promote|mass|global|pure|expose|massive|reverse|utter|monger|latest|ultimate|constant|historical|perpetuate|solely|tremendous|rampant|cruelty|sole|escalate|historic|largely|primarily|fraudulent|gravity|exploitation|media's|widespread|peddle|deliberate|rapid|continuous|stagger|unfold|propagate|instigate|perpetual|leverage|prevention|facilitate|abound|veil|societal|predatory|denier|non-existent|subversive|proxy|contemporary|relentless|dispel|personify|administration's|monumental|inflame|nefarious|disproportionate|colossal|devious
,,very|absolutely|truly|totally|completely|quite|sometimes|beyond|extremely|mostly|indeed|politically|somehow|highly|mentally|perfectly|incredibly|equally|entirely|deeply|physically|greatly|frankly|utterly|fairly|overall|particularly|somewhat|morally|slightly|terribly|genuinely|overly|imo|socially|ridiculously|economically|horribly|relatively|emotionally|severely|truely|downright|intellectually|amazingly|sorely|partially|unbelievably|seemingly|inherently|nonetheless|insanely|partly|increasingly|statistically|grossly|positively|albeit|surprisingly|painfully|vastly|spiritually|profoundly|dangerously|tremendously|immensely|borderline|wholly|wildly|hugely|pathetically|totaly|unbalance|mildly|culturally|mathematically
,,woman|guy|lady|sarah|megyn|perez|queen|reporter|witch|carrie|chick|moderator|hilton|rosie|melania|dancer|men's|blonde|slut|guy's|gal|pageant|hers|weiner|bimbo|prejean|tramp|glozell|interviewer|joker|skank|hag|contestant|sicko|swoozie|bloke|dyke|toon|tranny|stripper|lady's|chic|kelly's|milf|quitter|perv
,,show|change|learn|prove|consider|explain|accept|exist|handle|present|apply|address|solve|affect|avoid|possibly|relate|express|recognize|justify|prof|describe|accomplish|define|occur|determine|confirm|reveal|acknowledge|react|identify|demonstrate|achieve|function|discus|discuss|tolerate|dictate|grasp|dismiss|indicate|alter|deem|resolve|reproduce|comprehend|observe|translate|examine|perceive|misunderstand|highlight|pronounce|interpret|rethink|dispute|overlook|calculate|attribute|refute|adapt|depict|resemble|constitute|explore|validate|exhibit|negate|generalize|analyze|construct|illustrate|procreate|reinforce|outline|conceive|recognise|enhance|convey|assert|evaluate|fathom|concede|digest|minimize|specify|detect|affirm|discern|emphasize|detrimental|withstand|solidify|symbolize|emulate|critique|contemplate|attest|imitate|penetrate|infer|invalidate|mimic|categorize|reevaluate
,,care|talk|speak|worry|cry|concern|complain|mad|upset|argue|warn|whine|sensitive|scream|rant|preach|yell|brag|spout|passionate|butthurt|chat|fuss|ramble|banter|lecture|careless|moan|babble|talkin|boast|gripe|rave|bicker|ob|hoot|picky|speculate|holler|overreact|blather|fantasize|enthusiastic
,,stupid|dumb|crazy|ignorant|retard|silly|uneducated|idiotic|brainwash|delusional|foolish|clueless|gullible|naive|moronic|uninformed|immature|misinform|misguide|paranoid|illiterate|brainless|insecure|delude|derange|dense|stubborn|judgmental|willfully|oblivious|unintelligent
,,call|support|blame|defend|represent|boycott|oppose|anti|encourage|celebrate|endorse|bash|unlike|accuse|criticize|reject|condemn|invite|mock|portray|betray|enable|proclaim|denounce|demonize|alienate|glorify|patronize|crucify|shun|denigrate|disavow|diss|criticise|idolize|defame
,,most|first|best|worst|biggest|greatest|main|highest|largest|lowest|richest|closest|strongest|hardest|wealthiest|poorest|longest|smallest|easiest|weakest|hottest|fastest|sexiest|fattest|simplest|happiest
,,video|post|comment|story|speech|picture|message|ad|photo|interview|article|response|event|info|pic|conversation|image|meme|clip|topic|reaction|vid|detail|discussion|content|perspective|incident|episode|trend|thread|footage|complaint|commentary|forum|allegation|segment|testimony|vids|hashtag|monologue|photograph|obamasnippetsdotcom|presentation|youtubers|caption|feedback|summary|video's|rebuttal
,,s|â€™|t|m|â€|don|re|`|Â´|ve|â€˜|ll|doesn|didn|isn|haven|wasn|wouldn|aren|couldn|shouldn|ain
,,help|lose|become|save|create|destroy|lead|fail|fix|ruin|survive|damage|loose|improve|defeat|doom|bankrupt|heal|collapse|crash|crush|restore|succeed|overcome|endure|prevail|ultimately|wreck|inherit|devastate|conquer|rebuild|weaken|dismantle|strengthen|crumble|prosper|cripple|downfall|diminish|transform|implode|stimulate|disastrous|haunt|revive|surpass|erode|regain|shatter|demolish|flourish|destabilize|devour|decimate|envision|reclaim|stabilize|gutted|obliterate|accelerate|inevitably|overtake|worsen|deplete|falter
,,kid|little|baby|girl|dog|boy|cat|pet|precious|puppy|rabbit|child's|kitty|pup|mommy|fur|toddler|sweetheart|mailman|baby's|newborn|fella|doggy|cat's|kitten|kid's|postman|furry|girl's|boy's|dog's|doggie
,,wow|smh|ugh|duh|geez|rofl|c'mon|jeez|smdh|ffs|sheesh|cmon|geeze|geesh
,,again|point|issue|question|sense|choice|statement|claim|difference|decision|situation|mistake|argument|fun|apology|logic|theory|remark|progress|conclusion|judgement|comparison|connection|error|explanation|accusation|judgment|noise|suggestion|assumption|impression|fallacy|sentiment|premise|observation|gesture|comeback|announcement|analogy|correlation|dialogue|mockery|assertion|prediction|recommendation|calculation|sence|similarity|generalization|distinction|dent|rationale|arguement|blunder|misconception|mdma|spectacle|dilemma|gaffe|denominator
,,watch|read|share|follow|listen|write|mail|cancel|block|delete|troll|tweet|dislike|bother|repeat|respond|endorsement|reply|copy|subscribe|request|tag|rt|sub|pls|update|paste|retweets|rts|upload|bot|dm|censor|spam|download|clarify|â‰ |retweet|mute|repost|replay|reconsider|@genflynn|circulate|vent|#qanon|rt's|unfollow|recite|retract|memorize|followback|@scaramucci|spamming|inbox|acct|uninstalled|reposting|publicize|fax|unsubscribe|reiterate|@seanhannity|username|retweeting|gofundme
,,idiot|asshole|embarrassment|imbecile|abomination|outsider|asshat|a-hole|uproar|opportunist|asswipe|ignoramus|imposter|arsehole|oxymoron|airhead|enabler|understatement|egomaniac|athiest
,,sure|sorry|sick|proud|happy|glad|tire|afraid|scar|ashamed|lucky|confuse|hop|excite|aware|thankful|grateful|curious|jealous|nervous|confident|thrill|unhappy|fond|hopeful|relieve|supportive|fearful|skeptical|tempt|heartbroken|eager|allergic|suprised|sympathetic|horny|unsure|flatter|anxious|dissapointed
,,find|check|sell|throw|kick|pull|beat|figure|drop|carry|piss|freak|touch|rip|hang|lay|scare|loud|pour|flip|flat|knock|wipe|slap|punch|bail|chill|chase|shout|bust|snap|tap|creep|spit|toss|choke|blur|smash|weigh|stomp|whip|shovel|smack|drown|dish|chew|shell|headlight|spill|pan|rub|limb|carve|tick|cuss|opt|haul|escort|squeeze|yank|phase|straighten|lash|curiosity|comming|swap|bandit|rattle|bleep|bugger|woodwork|pluck
,,$|%|million|billion|+|trillion|percent|cent|mile|buck|pound|cone|mill|mil|hr|th|1/2|sec|meter|lb|ar|gallon|8:|acre|quarter|inch|ft|fold|year-old|roughly|mph|approximately|aÃ±os|quadrillion|cal|1/3|euro|keating|pt|âƒ£|wheeler|str|mag|proposition|gta|ano|pg|km|usd|approx|usc|rd|ithom|cm|gauge|bil
,,shit|crap|stuff|bullshit|trash|bull|nonsense|garbage|insanity|junk|madness|filth|rubbish|craziness|foolishness|bollock|shite|drivel|ridiculousness|horseshit|baloney|lunacy|bullcrap|absurdity|silliness|manure|dribble|hogwash|charade|excrement|dung|sht|shyt
,,kill|die|dead|suffer|starve|adopt|rob|surround|breed|invade|abandon|slaughter|enslave|exploit|oppress|occupy|infect|persecute|convert|endanger|flee|abort|reside|infiltrate|inferior|exterminate|liberate|indoctrinate|immigrate|marginalize|multiply|roam|segregate|terrorize|cultivate|migrate|cleanse|outnumber|assimilate|disenfranchise|desecrate|infest|displace|torment|emigrate|powerless|coerce|abduct|overrun|annihilate|lure|plunder|coddle
,,word|book|bible|language|quote|sentence|letter|title|reference|phrase|text|verse|description|prophet|testament|gospel|quran|teleprompter|scripture|dictionary|revelation|commandment|koran|instruction|paragraph|transcript|passage|translation|prophecy|hebrew|qur'an|sermon|poem|punctuation|biography|prophesy
,,grow|shut|wake|set|cover|mess|screw|blow|lock|thumb|dig|crack|stir|shove|sum|lift|hurry|eff|brush|lighten|chin|rack|rile|buttercup|buckle|hush|alley|scoop|soak|muck|fedex|chalk|curl|tighten|ramp
,,problem|movement|threat|disaster|crisis|destruction|revolution|flood|division|tragedy|depression|conflict|drama|recession|cycle|chaos|hunger|controversy|recovery|panic|epidemic|misery|extinction|confusion|plague|hardship|tension|inevitable|backlash|crusade|stability|unrest|fiasco|confrontation|meltdown|turmoil|obstacle|breakdown|lawlessness|decay|havoc|homelessness|catastrophe|downward|stigma|culprit|devastation|strife|outbreak|drought
,,de|que|la|y|se|el|en|los|lo|para|por|q|mi|como|una|su|este|del|pero|esta|soy|ver|mÃ¡s|cuando|hace|mucho|hola|parece|tengo|saber|vivir|alguien|estoy|gusta|hubiera|trabajar|voy|encanta|gusto|decir|interesa|dio|usted|gustarÃ­a|casi|enfants|dijo|aunque
,,liberal|snowflake|hater|leftist|libs|commie|libtards|libtard|lefty|sheeple|mindless|lib|hippy|salty|sjw|lemming|trumpsters|teabaggers|trumpers|sjws|cucks|braindead|trumptards|liberal's|right-winger|tards
,,house|home|field|room|front|area|bathroom|door|town|bed|camp|seat|window|bar|closet|corner|hood|restroom|neighborhood|yard|garden|circle|kitchen|sand|trap|pool|chair|trailer|row|cave|desk|shower|swim|ditch|cage|basement|patch|pond|stall|bedroom|apartment|drawer|gutter|backyard|mansion|stadium|gitmo|trunk|dumpster|pantry|freezer|vacuum|nearby|tent|sewer|crate|hut|nearest|garage|fridge|barn|bunker|wheelchair|oven|cabin|handcuff|urinal|driveway|lodge|pasture|washroom|vault|backpack
,,news|medium|fox|tv|cnn|radio|network|abc|station|host|mainstream|stream|msnbc|msm|nbc|television|cable|broadcast|outlet|headline|cbs|faux|commentator|breitbart|bbc|pundit|yahoo|pb|hbo|bloomberg|drudge|foxnews|tabloid|fm|npr|infowars|nightly|c-span|medias|presenter
,,wear|hat|shirt|dress|suit|shoe|jean|t-shirt|pin|badge|mask|makeup|wig|tee|outfit|helmet|jacket|costume|bra|ware|jewelry|robe|hoodie|nike|earring|drape|sweater|make-up|tshirt|denim|sag|apparel
,,2|two|4|3|few|couple|three|four|five|ten|six|eight|seven|nine|twenty|thirty
,,citizen|illegal|legal|alien|immigrant|non|illegals|refugee|canadian|citizenship|legally|illegally|resident|latino|african-american|foreigner|visa|eligible|texan|non-citizens|permanent|undocumented|migrant|dreamer|naturalize|rican|latina|indonesian|dual|invader|aa|lawful|ricans|non-citizen|pakistani|noncitizen|applicant|law-abiding
,,food|coffee|meat|meal|burger|pizza|lunch|papa|snack|cherry|beer|tart|dinner|breakfast|caesar|john's|whopper|diet|whataburger|donut|mcdonald's|steak|taco|hamburger|menu|latte|caesar's|wendy's|sip|calorie|reusable|leftover|cheeseburger|dunkin|coupon|ceasars|supper
,,school|college|teacher|student|grade|university|degree|attend|graduate|ed|professor|grad|gym|elementary|harvard|junior|library|academy|phd|classroom|columbia|kindergarten|exam|ivy|campus|charter|graduation|psych|stanford|diploma|bachelor|highschool|librarian|enrol|tutor|daycare|cafeteria|yale|collage|freshman
,,part|kind|instead|rest|course|example|majority|type|rid|none|form|remind|result|lack|amount|regardless|sort|opposite|beauty|definition|version|concept|outcome|symbol|creation|worthy|capable|violation|sudden|possibility|origin|aspect|portion|reminder|irony|lesser|declaration|structure|importance|reflection|notion|representation|element|equivalent|pattern|proportion|interpretation|beware|depth|virtue|incapable|combination|variety|consist|unaware|signer|spectrum|epitome|invention|demonstration|2/3|implication|misuse|distribution|beholder|compose|phenomenon|component|scope|dispose|absence|advancement|realm|dynamic|proponent|superiority|betrayal|continuation|caliber|significance|symbolic|duration|disapprove|magnitude|mixture|comprise|betterment|sanctity|variation|implementation|condemnation|grievance|hierarchy|unworthy|reek|pillar|legitimacy|likelihood|enslavement|fittest|degradation|ramification|indicative|detriment|occupant|remnant|complexity|coarse|elimination|rejection
,,war|bomb|nuclear|9/11|benghazi|hurricane|paris|911|invasion|sandy|harvey|wwii|iraqi|katrina|apocalypse|prisoner|ww3|missile|ww2|holocaust|bomber|concentration|fema|sniper|harbor|embassy|shortly|earthquake|9-11|pearl|surge|wmd|irma|afghan|apartheid|flashback|bosnia|auschwitz|ww|famine|wtc|armageddon|aftermath|wwiii|rapture|aleppo|wwi|deployment|mysteriously|hijacker
,,as|mind|heart|eye|brain|mouth|body|soul|butt|pocket|ear|ass|weight|penis|lip|gut|stomach|ego|panty|vagina|nerve|teeth|belly|wallet|boob|testicle|skull|muscle|spine|anus|arse|genitals|vein|mailbox|tummy|marble|groin|intestine|knot|pocketbook|uterus|butthole
,,police|city|chicago|dc|va|hall|st|san|shooter|dallas|vega|louis|london|boston|ferguson|bay|memorial|tucson|mosque|diego|francisco|capitol|fort|angeles|orlando|massacre|md|mall|pd|baltimore|berkeley|ct|philadelphia|museum|sf|avenue|milwaukee|liverpool|ave|downtown|moscow|fran|metro|baton|gunman|manhattan|marathon|aurora|waco|calgary|keene|detective|compton|rouge|salem|richmond|lakewood
,,hand|face|head|foot|finger|leg|shake|nail|pant|nose|knee|boot|neck|shoulder|grave|tail|tongue|toe|bare|rear|graf|chest|heel|lawn|fist|mug|strap|forehead|waist|eyebrow|jaw|paw|sleeve|wrist|smirk|rib|drip|crotch|ankle|bruise|claw|backside|stub|nipple|thigh|elbow|brow|slit
,,history|office|interest|past|politics|case|order|private|reality|washington|involve|general|trouble|favor|regard|background|direction|danger|shape|manner|context|advance|believer|engage|tune|mirror|participate|wh|addition|whitehouse|denial|reign|spite|category|awe|disguise|moderation|arena|equation|contrast|mode|involvement|dire|interference|womb|favour|spotlight|heartbeat|custody|midst|habitat|vain|essence|meantime|workplace|distress|instill|submission|manifest|entirety|complicit|disbelief|incorporate|coma|usher|jeopardy|seriousness|captivity|meddle|nutshell|integrate|attendance|agony|rein|embed|mire|footstep|indulge|bondage|partake|wallow|shamble
,,name|supporter|agenda|career|follower|buddy|master|staff|legacy|opponent|crony|cabinet|crew|advisor|constituent|bid|reputation|pal|messiah|mentor|minion|critic|comrade|czar|aide|candidacy|adviser|ilk|disciple|boss|motto|colleague|liken|handler|clan|antic|refusal|accuser|rival|tenure|shenanigan|mantra|competitor|backer|predecessor|cohort|nickname|surrogate|appointee|counterpart|adversary|transgression|mistress|indiscretion|successor|constituency
,,i've|let's|you've|we've|ill|they've|ive|that'll|iv|youll|youve|lemme|youd
,,clothe|sheet|towel|underwear|polyester|cloth|sock|diaper|blanket|bath|pillow|furniture|tampon|wool|linen|curtain|q-tips|silk|leather|wardrobe|undies|garment|swab|tshirts|quilt|qtips|mattress|nylon|bandage|comfy
,,o|e|b|n|r|c|d|p|w|j|l|k|g|h|Â­|Ì²|ph|ow|nt|Ì¶|reilly|âƒŸ|nk|cr|wt
,,gun|arm|weapon|id|license|permit|bullet|rifle|firearm|carrier|knife|conceal|automatic|registration|ammo|semi|passport|condom|shotgun|ammunition|pistol|handgun|bb|paperwork|driver's|identification|licence|ccw|grenade|p38|glock|bodyguard
,,business|company|product|market|farmer|owner|employee|corporation|industry|trade|crop|stock|brand|ceo|employer|commodity|auto|import|overseas|consumer|finance|manufacture|producer|sector|advertise|pr|competition|investment|estate|headquarter|currency|monsanto|investor|outsource|export|jeep|pharmaceutical|enterprise|inc|contractor|manufacturer|insider|gamble|privately|grower|venture|company's|textile|pharma|uranium|shareholder|insurer|buyer|hq|fiat|exec|seller|tourism|biz|ceo's|advertiser|buisness|supplier|pharmacy|internationally|derivative
,,â¤|â™¥|â˜º|â€¼|â„|âœ|â˜¹|â­|â—|ğŸ³|â£|â˜ |âœˆ|âš¡|â˜®|â˜•|âš–|â˜€|â¡|âœ¡|âš“|âš½|âœ”|âš¾|âš |â˜|â›ª|â¬‡|âš”
,,mother|friend|parent|mom|wife|father|brother|husband|son|dad|daughter|grandparent|grandmother|sister|uncle|daddy|grandfather|grandma|aunt|sibling|mama|cousin|boyfriend|grandpa|momma|girlfriend|mum|grandkids|granny|granddaughter|grandson|nephew|hubby|niece|mother-in-law|classmate|bf|gf|granddaddy|mamma
,,john|dr|ben|king|david|mike|stephen|steven|steve|patrick|jesse|martin|joshua|snowden|franklin|peter|joseph|jacob|clarke|alexander|prince|cameron|joel|shapiro|benjamin|trevor|samuel|miranda|simon|swayze|noah|luther|duke|wolfe|phil|margaret|pete|arthur|isaac|shaun|brent|hansen|ingrid|lin|noel|nigel|hulk|weinstein|bannon|farage|affleck|nash|rodney|hogan|churchill|gandhi|lin-manuel|sterling|winston|monckton|solomon|letterman|mota|king's|monk|sami|revere|sourcefed|emanuel|elijah|becker|moore's|osteen|narrate|sage|stephan|netanyahu
,,yeah|hey|um|yea|hmmm|hello|nope|huh|yep|uh|ummm|hmm|eh|yup|gee|umm|nah|oops|uhhh|uhh|nevermind|uhm|hummm
,,race|opinion|view|action|belief|behavior|attitude|gender|orientation|ideology|lifestyle|personality|identity|nationality|sexuality|profession|mindset|appearance|perversion|behaviour|habit|conscious|preference|perception|affiliation|ethnicity|viewpoint|trait|deviant|tendency|instinct|creed|motif|frustration|attraction|characteristic|posture|insecurity|phobia|immorality|intercourse|anatomy|fetish|sensibility|inexperience
,,side|line|wall|cup|rock|top|list|phone|street|road|grind|paper|hill|bottom|table|track|board|spot|stage|floor|toilet|wheel|dirt|shelf|pressure|roof|cap|mount|mt|pat|fence|counter|map|plate|edge|trail|sticker|trampoline|logo|rope|shore|wagon|log|couch|clock|pier|glove|bandwagon|rail|vine|laptop|aisle|throne|lego|chart|curb|banner|porch|deck|podium|bumper|gab|tab|isle|blinder|brink|dole|playground|lid|horizon|billboard|grid|bench|rocker|cuff|sidewalk|radar|stave|battlefield|ebay|sideline|mantle|pedestal|tack|ballet|auction|titanic|soapbox|noose
,,officer|member|flag|hero|soldier|honor|troop|duty|sacrifice|uniform|proudly|seal|servant|warrior|fighter|ceremony|allegiance|widow|policeman|pow|defender|ambassador|treasure|alongside|tribute|decease|honour|medal|grieve|keeper|protector|serviceman|lieutenant|valor|dishonor|hero's|patron|solder|solider
,,shoot|death|murder|abuse|rap|innocent|assault|rape|suicide|civilian|torture|sexually|molest|capture|unarm|injure|unborn|behead|neglect|kidnap|wound|allegedly|undercover|defenseless|brutally|casualty|violently|unjustly|maim|pillage|unjustified|viciously
,,ridiculous|hilarious|insane|unbelievable|irrelevant|absurd|outrageous|unfair|unacceptable|unreal|rediculous|laughable|ludicrous|asinine|hysterical|unconscionable
,,song|performance|edit|commercial|comedy|cgi|photoshop|satire|publicity|script|audio|journalism|graphic|lyric|parody|snl|intro|advertisement|animation|skit|spoof|3d|visual|vibe|gillette|cg|thumbnail|remix|format|adobe|animate|splice|vintage|hd|satirical|masterpiece|comedic|advert|caller|soundtrack|sketch|narrator|clickbait|autotune|projector|fx|montage|announcer|choreography|glitch|cb
,,military|veteran|vet|retire|army|guard|vietnam|marine|navy|active|enlist|corp|combat|leo|firefighter|rn|pilot|unit|personnel|royal|nam|usaf|usmc|sailor|fireman|ret|viet|naval|discharge|deploy|recruiter|usn|paramedic|diplomat|infantry|sgt|ukrainian|ff
,,freedom|value|peace|justice|safety|liberty|humanity|equality|protection|pride|tolerance|preserve|independence|happiness|comfort|expression|survival|separation|resistance|morality|collective|unity|diversity|greatness|equity|prosperity|mutual|acceptance|solidarity|pursuit|sanity|fairness|transparency|cooperation|sovereignty|harmony|consciousness|beacon|positivity|preservation|simplicity|inclusion|underdog|unconditional|empowerment|purity
,,animal|frog|pig|wild|giant|horse|cow|bison|monster|deer|fish|creature|ant|egg|wolf|bird|bug|snake|herd|lion|flesh|spider|bee|insect|cattle|goat|dinosaur|buffalo|elephant|ape|tiger|worm|shark|hog|sperm|mouse|bunny|unicorn|whale|mushroom|turtle|beetle|camel|moose|cub|mummy|squirrel|nest|feces|grizzly|elk|organism|spore|fever|catcher|dolphin|crab|penguin|mammal|corpse|hippo|critter|orangutan|flea|breeder
,,conservative|progressive|libertarian|moderate|pro-life|constitutionalist|lifelong|humanist|pro-choice|fiscally|millennial|grassroots|prolife|realist|staunch|centrist|pro-israel|unapologetic|skeptic|populist|pragmatic|anti-war
,,ok|pandora|okay|hi|yours|daniell|rider|comcast|spell|wolfie|graham|jill|#blacklivesmatter|danielle|careful|#alllivesmatter|idk|gary|legit|vegan|stein|spotify|vegetarian|berliner|alllivesmatter|sarcastic|reich|m's|juggalo|garysher|bern|halcomb|doughnut|eleanor|albert|meh|dunno|heh|9gag|nuff|@2010gop|ditto|einstein|welp|jjgreek|typo|timmy|undecided|webster|peta|mick|ish|jest|wholeheartedly|ebonyman|hun|kasowitz|nay|;p|subtitle|graham's|777|@rar9518|mam|err|romanian|wishful|firstly|trumpster|fool's|translator|hon|byrne|unsubscribing|ryder|wolfieraps|msg|@lewfrost2|:\|@mutedvox|covfefe|ebony|gaia|clarification|slayer|harambe|pewdiepie|vsauce|y'know|gehennos|shhh|dinesh|alias|aaand|dur|2010gop|grahamas|livesosa|gump|sry|prayforthegaycure|terminator|amish|1966|dumbfuckistan|obdaddy|@phoenixbornagain|luc|assinine|caveman|ref|waterboarding|idgaf|smarta
,,ball|drone|press|camera|dance|smile|trigger|crowd|button|screen|tape|audience|profile|ğŸ”¥|sight|wave|ring|flash|lemon|tip|random|bat|tyson|frame|clap|string|bang|square|signal|roast|mic|flame|nude|puberty|applause|hammer|mud|angle|op|pitch|squad|motion|batter|cam|spear|sword|curve|defensive|accidentally|blunt|blink|sync|zoom|coffin|visible|keyboard|pitcher|fumble|microphone|laser|whisper|unload|randomly|whistle|giggle|nod|buzz|slot|torch|cord|scan|sting|32nd|cue|muzzle|flick|blaze|bolt|masturbate|nip|rhyme|cameraman|lens|dynamite|reload|firework|snicker|chorus|pulse|softball|portrait|hoop|dial|pivot|crosshairs|glee|fog|lite|interruption|gunfire|gunshot|twitch|snip|dunk|shuffle|casually|lever|thermometer
,,christmas|holiday|season|winter|birthday|blend|bell|wed|santa|halloween|pumpkin|xmas|eve|celebration|thanksgiving|ornament|calendar|hanukkah|easter|snowman|reindeer|advent|herb|claus|anniversary|picnic|seasonal|mayo|feast|kwanzaa|champagne
,,religion|slavery|islam|religious|christianity|socialism|principle|capitalism|communism|traditional|evolution|liberalism|dogma|spiritual|tradition|philosophy|cultural|fascism|fundamental|biblical|conservatism|doctrine|trumpism|radicalism|anarchy|marxism|extremism|judaism|rebellion|republicanism|governance|blasphemy|nationalism|enlightenment|transformation|corporatism|atheism|zionism|catholicism|eugenics|tenet|unholy|judeo-christian
,,experience|voice|position|character|effort|leadership|knowledge|purpose|ability|skill|role|goal|desire|success|talent|stance|platform|intention|mission|ideal|vision|opposition|strategy|capacity|intent|conscience|presence|accomplishment|loyalty|confidence|insight|principal|obligation|imagination|popularity|weakness|qualification|achievement|motivation|expectation|inability|willingness|vocabulary|input|motive|credential|capability|demeanor|endeavor|assessment|disdain|quest|ambition|expertise|satisfaction|temperament|charisma|enthusiasm|aspiration|excellence|shortcoming|stature
,,gonna|da|wanna|gotta|yo|cuz|bro|bout|dat|plz|dis|outta|wat|bruh|wit|fam|tf|tha|nd|fo|jus|dum|tht|rite|prob|coz|thay|prolly|ima|gunna|aye|wil|yu|must've|wen|imma|whit|fr|dnt|wut|homie|dey|gona|kno|woulda|shoulda|ther|idc|tryna|hav|urself|amd|cha|git|wht|hv|tru|hem|outa|wana|thst|how'd|fer|m8|wot|bcuz|becuz|becouse|wouldve|wud
,,cop|protest|kkk|band|nazi|blm|march|riot|gang|statue|nra|antifa|panther|protester|confederate|mob|loot|supremacist|parade|chant|naacp|nationalist|crips|klan|protestors|aclu|blacklivesmatter|nambla|ku|picket|spree|banger|rioter|cair|crip|klux
,,i'll|i'd|you'll|you'd|we'll|he'll|they'll|he'd|they'd|we'd|it'll|she'll|she'd
,,marriage|sex|birth|sexual|homosexual|abortion|homosexuality|divorce|women's|lgbt|discriminate|same-sex|biological|offender|adoption|pedophilia|fetus|incest|lgbtq|molestation|unwanted|polygamy|vaccination|oral|transgenders|prostitution|procreation|reproduction|reproductive|legalization|ssm|interracial|bestiality|naturalization|heterosexuality|lbgt|contraception|mutually|pornography|consensual|polygamist|biologically
,,starbucks|store|local|shop|sale|chain|bk|hotel|restaurant|grocery|walmart|factory|butcher|mcdonalds|amazon|ranch|venue|supermarket|costco|locally|hortons|franchise|casino|retail|wal-mart|convenience|rancher|chili's|lease|smithfield|bakery|hl|liquor|horton's|vendor|depot|mart|cafe|retailer|dealership|cashier|warehouse|magnolia|sweatshop
,,attack|insult|disrespect|bully|threaten|interrupt|sham|harass|degrade|slander|intimidate|ridicule|motivate|provoke|empower|demean|humiliate|abusive|belittle|grope|mistreat|verbally|victimize|disparage|vilify|traumatize|demoralize|retaliate|taunt|berate|normalize|impersonate|objectify
,,protect|serve|marry|provide|offer|deny|join|visit|perform|hire|grant|purchase|access|deliver|strip|rescue|secure|conduct|maintain|ensure|exercise|operate|reward|employ|dedicate|extend|select|regulate|introduce|obtain|pursue|advise|disarm|serf|recruit|monitor|insure|submit|locate|assist|suspend|transport|relocate|safely|surrender|adjust|sustain|devote|render|renew|destination|utilize|deprive|retain|seize|assign|accompany|fulfill|redeem|instruct|enrich|revoke|accommodate|yield|assemble|disclose|arrange|confiscate|notify|designate|terminate|install|discard|elevate|hinder|administer|attain|preform|activate|renounce|jeopardize|confine|impede|restrain|inspect|enroll|entrust|retrieve|forfeit|safeguard|discontinue
,,plant|decor|decoration|raw|display|flower|decorative|jar|stalk|arrangement|wreath|boll|theme|vase|recipe|pod|rustic|floral|bouquet|bole|centerpiece|vas|fluffy|bundle|farmhouse|blossom|dÃ©cor|deco|twig|sprig
,,â–‘|â–ˆ|â–€|â–„|â”€|â–’|â–Œ|â–|â”|â•|â””|â•‘|â•|â•—|â•”|â•š
,,full|piece|bunch|bag|hole|box|bottle|load|size|sack|pile|pair|bucket|pit|loop|basket|barrel|crock|coin|brick|lump|collection|bale|dip|scrap|slice|handful|stain|steam|layer|wad|chunk|fraction|gigantic|quantity|heap|loaf|rake|1/4|combo|cluster|batch|peice|lotta|3/4|frenzy|tub|platter
,,shame|base|earth|level|farm|focus|count|found|subject|depend|path|impact|basis|mercy|reflect|soil|rely|impose|congrats|scale|behalf|spy|plantation|insist|journey|concentrate|restriction|dependent|thrive|occasion|infringe|monopoly|dwell|perpetrate|prey|backfire|inflict|trample|capitalize|unleash|steroid|outlook|dependency|tread|verge|emphasis|harp|dependence|frown
,,math|science|study|basic|economics|grammar|educational|101|psychology|physic|academic|chemistry|comprehension|biology|literature|mathematics|genetics|indoctrination|textbook|oxford|civics|econ|literacy|arithmetic|curriculum|geography|creationism|sociology
,,group|organization|independent|advocate|atheist|activist|organize|institution|thinker|educator|entity|evangelical|ethnic|urban|initiative|anti-trump|environmentalist|anti-gay|anonymous|occupation|alliance|asylum|coalition|opinionated|anarchist|apologist|agnostic|organisation|oligarchy|observer|conversion|anti-christian|outspoken|anti-white|activism|faction|advocacy|optimist|outreach|adolescent|independant|anti-gun|crusader|agitator|armchair
,,worse|deeper|smarter|faster|dumber|funnier|farther|cooler|nicer|shorter|taller|faker|quicker|stupider|holier|tougher|scarier|crazier|clearer|hotter|sadder
,,disgust|pathetic|disrespectful|shameful|despicable|disgraceful|vile|heartless|treasonous|unfit|pitiful|un-american|unamerican|repulsive|unpatriotic|reprehensible|discusting|repugnant|unforgivable|dispicable
,,rich|dirty|lazy|wealthy|greedy|whore|worthless|useless|billionaire|entitlement|filthy|millionaire|elitist|richer|multi|trader|wasteful|leech|mega|salesman|uber|leach|collector|bloat|freeloader|vulture|overpay|snob|deadbeat|mooch|pamper|businessmen
,,movie|music|star|film|bowl|hollywood|scene|entertainment|cartoon|porn|horror|documentary|disney|fantasy|feature|series|fiction|circus|comic|album|formation|theater|hocus|pocus|discovery|avatar|musical|novel|netflix|anime|playboy|sequel|studio|festival|podcast|matrix|fallout|cd|gaga's|idiocracy|spongebob|theatre|fictional|pokemon|olympics|newest|halo|cinema|trek|sci-fi|apprentice|dvd|remake|xbox|fest|fargo|pixel|boardwalk|genre|programme|rerun|minecraft|porno|instrumental|walt
,,fire|charge|jail|commit|prison|arrest|sue|deport|punish|investigate|accountable|prosecute|impeachment|resign|convict|fin|execute|imprison|plead|penalize|testify|indict|detain|apologise|incarcerate|liable
,,5|10|8|20|6|30|7|15|12|40|9|25|45|200|150|35|fifty|eleven|120|2-3|forty|twelve|180|3-4|fifteen|1-2|4-5|1400|152
,,100|50|90|70|80|99|47|75|95|98|71|85|110|77|97|83|94|96|99.9|78|88|87
,,remove|ban|steal|prevent|eliminate|separate|distract|stem|recover|escape|distance|prohibit|differ|exclude|exempt|deflect|withdraw|emerge|discourage|removal|arise|originate|purge|isolate|disqualify|divert|derive|eradicate|vary|distinguish|withhold|disconnect|refrain|stray|oust|omit|deter|descend|exile|pulpit|extract|immunity|depart|secede|seperate|standpoint|expel|differentiate|excerpt
,,color|red|blue|blood|brown|green|skin|hair|glass|pink|yellow|thin|coat|diamond|dye|colour|purple|shade|iron|belt|grey|eagle|collar|beard|carpet|blond|crayon|herring|tender|marker|stripe|brass|haired|sox|bronze
,,car|train|driver|ride|truck|plane|bus|trip|vehicle|bridge|boat|flight|lane|highway|bike|jet|motor|route|helicopter|engine|patrol|motorcycle|cruise|tractor|aircraft|railroad|cart|litter|subway|remote|port|tow|passenger|pickup|swat|bmw|plumb|mule|automobile|volt|interstate|chevy|suv|sidecar|taxi|cab|greyhound|bicycle|cargo|trucker|stewardess|texting
,,pain|cancer|childbirth|organ|surgery|stress|survivor|pregnancy|seizure|kidney|injury|breast|stroke|diabetes|transplant|lung|headache|cramp|radiation|tumor|infection|diagnose|starvation|liver|anxiety|overdose|ptsd|pneumonia|diabetic|terminal|contraction|adhd|allergy|velocity|flu|faint|fracture|complication|colon|nausea|asthma|fatality
,,terrorist|isi|al|israel|russian|terrorism|bin|domestic|syrian|terror|lade|osama|rebel|iranian|israeli|palestinian|saddam|sanction|qaeda|assad|isreal|taliban|contra|hamas|isil|al-qaeda|israel's|hezbollah|mercenary|russia's
,,tree|light|inside|snow|ice|cold|dark|wood|mountain|sun|sky|sea|tower|heat|cloud|storm|ocean|beach|rain|moon|river|shadow|forest|shine|flow|dust|spring|lake|rainbow|pole|darkness|surface|shin|desert|tornado|palm|asleep|volcano|tunnel|jungle|sunshine|paradise|lightning|lava|strobe|glow|outer|saucer|sail|silicon|sunny|blade|underneath|thunder|daylight|lamp|bulb|volcanic|strand|earth's|tomb|dome|venus|thorn|snowy|graze|scatter|prehistoric|arctic|magma|diver|triangle|mist|granite
,,â€œ|simply|clearly|easily|quick|recently|directly|constantly|properly|badly|specifically|correctly|publicly|supposedly|strongly|openly|merely|volume|repeatedly|closely|automatically|poorly|carefully|rarely|nicely|blindly|respectfully|beautifully|actively|intentionally|deliberately|unfairly|continually|purposely|compel|frequently|thoroughly|regularly|consistently|eloquently|accordingly|kindly|widely|negatively|occasionally|continuously|knowingly|falsely|initially|conveniently|stupidly|simultaneously|loudly|truthfully|legitimately|accurately|rightfully|appropriately|logically|prompt|rightly|professionally|politely|responsibly|routinely|intelligently|plainly|reasonably|incorrectly|objectively|calmly|explicitly|seldom|purposefully|readily|wrongly|upfront|beforehand|aggressively|categorically|boldly|brilliantly|briefly
,,water|air|breathe|freeze|spray|metal|salt|liquid|acid|recycle|mercury|steel|grain|bleach|copper|aluminum|pepsi|aluminium|battery|container|freshener|cola|powder|explosive|armor|gatorade|strain|storage|compost|urine|vessel|dew|diesel|fluid|sodium|hose|coca|cube|inhale|dissolve|fountain|melon|vinegar|reuse|lime|sprinkle|amalgam|gallium|transmission|nitrogen|fume|mustard|magnetic|particle
,,drug|drink|smoke|aid|pot|weed|addict|legalize|heroin|alcohol|dealer|pill|marijuana|meth|coke|cigarette|joint|kool|pipe|cocaine|kool-aid|cigar|prescription|ebola|vodka|cannabis|smoker|koolaid|drinker|heroine|thirsty|tylenol|smuggle|beverage|fatty|whiskey|snort|booze|narcan|narcotic
,,land|south|west|north|africa|east|southern|central|ancient|empire|coast|soviet|eastern|region|berlin|territory|asia|village|northern|tribe|rome|continent|colony|pacific|ussr|jerusalem|atlantic|panama|inhabitant|shithole|ark|indigenous|wilderness|caribbean|czech|province|uganda|pilgrim|mecca|mainland|fleet
,,small|simple|blind|weak|tiny|critical|soft|stretch|narrow|miserable|thick|broad|shallow|absorb|warp|lonely|boggle|hopeless|insignificant|fragile|numb|dull|abnormal|hyper|polarize|fuzzy|dim|primitive|dysfunctional|delicate|mild|superficial|impair|cancerous|feeble|diseased|robotic|dilute|repress|worldly|inadequate
,,liar|crook|thief|lier|sociopath|pathological|cheater|deceitful|sneaky|sleazy|lair|deceiver|compulsive|manipulator|habitual|womanizer|connive|mkb|thieve
,,criminal|rapist|thug|predator|pervert|pedophile|killer|murderer|felon|molester|serial|prostitute|pimp|abuser|murderous|adulterer|sodomite|psychopathic
,,night|morning|yesterday|summer|tomorrow|tonight|weekend|sunday|friday|saturday|monday|tuesday|afternoon|thursday|wednesday|nite
,,strong|powerful|humble|decent|inspire|brave|wise|successful|gentleman|inspiration|honorable|patriotic|genuine|talented|godly|ordinary|bold|noble|handsome|generous|courageous|charm|inspirational|gentle|statesman|gracious|admirable|uplift|principled|upstanding|imperfect|selfless|fearless|ground|influential|wonderfully|heroic|exemplify|embody|upright|soothe|exemplary|visionary
,,crime|fraud|treason|guilty|file|activity|trial|penalty|lawsuit|bankruptcy|punishment|allege|felony|warrant|adultery|theft|robbery|possession|jury|atrocity|intimidation|harassment|homicide|libel|deportation|execution|obstruction|prosecution|unlawful|indictment|perjury|sodomy|punishable|probation|settlement|heinous|pending|perpetrator|presumably|negligence|subsequent|misconduct|defendant|improper|duo|frivolous|subsequently|infidelity|imprisonment|parole|bribery|criminally|detention|espionage|trespass|vandalism|marital|sedition|misdemeanor|racket
,,smart|honest|intelligent|respectful|reasonable|compassionate|classy|creative|polite|rational|sincere|sane|thoughtful|articulate|mature|truthful|sensible|eloquent|respectable|informative|trustworthy|competent|unprofessional|heartfelt|knowledgeable|courteous|optimistic|insightful|cooperative|dignify|witty|concise|charismatic|considerate|elegant|timely|savvy|open-minded
,,game|sport|golf|football|club|player|nfl|baseball|coach|hockey|cowboy|soccer|guitar|basketball|bass|wrestle|piano|tennis|wwe|nba|nascar|opera|doh|chess|ski|steelers|rugby|quarterback|olympic
,,fat|dick|ugly|kiss|hoe|cock|bum|stink|poop|sucker|cum|lick|whoop|fart|rag|spoon|tit|skinny|donkey|bald|yer|slime|fork|dildo|hooker|tar|potty|shave|poo|lipstick|grin|azz|slack|lizard|smelly|hump|doo|toad|hairy|stinky|chainsaw|knuckle|booty|limp|greasy|knob|fling|flap|assed|wrinkle|fatass|titty|poopy|pus|lard|tic
,,youtube|page|facebook|internet|channel|link|site|twitter|fb|website|click|web|tube|snapchat|instagram|blog|yt|itunes|timeline|notification|reddit|playlist|tumblr|imdb|gab.ai|huffington
,,corrupt|establishment|corporate|elite|soros|illuminati|zionist|globalist|nwo|banker|cartel|neocon|mafia|globalists|rothschild|cabal|oligarch|rockefeller|nazi's|profiteer|wallstreet|banksters|corporatist
,,ignorance|stupidity|greed|hypocrisy|idiocy|arrogance|delusion|sheer|desperation|incompetence|dishonesty|selfishness|jealousy|laziness|cowardice|apathy|immaturity|narcissism|willful
,,michael|jam|chris|daniel|kevin|tom|matt|andrew|sam|josh|anthony|jason|nick|brian|brandon|kyle|jon|jake|aaron|tony|clark|christopher|jonathan|dave|charlie|nathan|cody|jerry|dylan|jeremy|joey|zach|andy|robin|tommy|danny|bryan|dean|brad|travis|casey|shane|blake|nicholas|simpson|ian|corey|dustin|shawn|jessie|eddie|derek|liam|arnold|brett|carl|mcdonald|ricky|spencer|neil|ethan|cory|marcus|quinn|kenny|zack|nate|zachary|duncan|tanner|darren|tucker|allan|devin|clayton|stuart|wesley|brock|earl|calvin|mikey|zac|toby|barker|callum|moe|fallon|aidan|conor
,,racism|violence|racial|violent|discrimination|bigotry|prejudice|injustice|genocide|brutality|incite|oppression|inequality|persecution|homophobia|feminism|segregation|misogyny|slur|sexism|aggression|vulgarity|xenophobia|hostility|divisiveness|systemic|systematic|distrust|retaliation
,,#maga|#trump|#americafirst|#trumptrain|#draintheswamp|#bluelivesmatter|ğŸš‚|#makeamericagreatagain|#trump2020|@realdonaldtrump|@potus|#releasethememo|#neverhillary|#backtheblue|#potus|#sethrich|#lockherup|#nodaca|#covfefe|#presidenttrump|#godblessamerica|#trumppence2016|#gop
,,russia|china|iraq|iran|syria|saudi|korea|afghanistan|nuke|japan|arabia|cuba|pakistan|egypt|turkey|libya|ukraine|gulf|nato|palestine|haiti|yemen|guantanamo|somalia|lebanon|dubai|qatar|gaza|sudan|brussels|uae|cambodia
,,oil|energy|gas|supply|resource|drill|fuel|production|coal|seed|solar|oxygen|carbon|hemp|co2|consumption|electricity|pollute|atmosphere|pollution|gasoline|offshore|pipeline|fossil|excess|renewable|shortage|ethanol|footprint|landfill|emission|methane|fertilizer|efficiency|keystone|greenhouse|mineral|refine|fracking|exploration
,,"email|release|secret|fbi|hack|investigation|scandal|leak|dnc|agent|classify|lynch|server|cia|acorn|nsa|e-mail|comey|wikileaks|huma|loretta|pentagon|doj|memo|flynn|trey|hacker|wiki|prosecutor|intel|lewinsky|collusion|investigator|bengazi|assange|abedin|starr|mueller|watergate|gowdy|33,000|whitewater|kgb|dhs|confidential|subpoena|mishandle|mossad"
,,natural|plastic|chemical|poison|contain|organic|ingredient|consume|toxic|naturally|fungus|deadly|fiber|harmful|petroleum|mosquito|vaccine|cordyceps|synthetic|artificial|gmo|fungi|tbhq|unhealthy|monoxide|harmless|modify|hormone|pesticide|glycol|dihydrogen|hybrid|protein|lethal|hydrogen|compound|livestock|feminine|preservative|contaminate|toxin|propylene|commonly|additive|bacteria|formula|genetically|edible|poisonous|vitamin|chemtrails|generic|mutate|ingest|snail|halal|man-made|bha|oxide|butane|biodegradable|gmos|addictive|antibiotic|h2o|formaldehyde|cosmetic|ddt|nutrient
,,si|sa|ca|nu|pe|cu|mai|au|din|dar|asta|È™i|fost|cred|Ã®n|oprit|sÄƒ|asa|sunt|venit|sau|nava|faca|ei|cÄƒ|ceva|nici|cand|s-a|dupa|pentru|facut|filmat|acum|facÄƒ|pÄƒdure|plecat|avea|prea|vazut|nevoile|dupÄƒ|dacÄƒ|extraterestru|cel|rama
,,horrible|terrible|awful|cruel|tragic|unfortunate|immoral|unnecessary|horrific|irresponsible|heartbreaking|destructive|brutal|vicious|senseless|reckless|unnatural|unethical|inhumane|unjust|horrendous|sinful|barbaric|obscene|hideous|horrid|atrocious|inexcusable|uncalled|ungodly|suicidal|dreadful|abhorrent|perverse|inhuman|callous
,,pas|enforcement|sharia|constitutional|repeal|declare|violate|enforce|establish|abide|obey|govern|unconstitutional|uphold|implement|outlaw|abolish|marshall|enact|martial|restrict|overturn|strict|veto|rewrite|amend|redefine|defy|adhere|initiate|authorize|shariah|legislate|invoke|rename|breaker|bypass|revise|disobey|circumvent|reinstate|defund|override|marshal|stricter|ratify|1952|archaic
,,kelly|alex|moore|jones|megan|beck|sean|rachel|rush|anderson|glenn|keith|cooper|howard|todd|lawrence|hannity|lou|o'reilly|penn|karl|wallace|colin|limbaugh|glen|seth|julian|martha|teller|kelley|stern|meghan|rove|schultz|olbermann|o'donnell|meagan|maddow|libby|vicente|coulter|holt|murdoch|yap|conway|carney|ail|huff|springer|levin|lester|spicer|lenar|rupert|kellyanne
,,ignore|influence|manipulate|silence|smear|deceive|erase|discredit|undermine|undo|sway|dominate|suppress|dupe|sabotage|disrupt|hijack|persuade|appease|taint|obstruct|derail|orchestrate|blackmail|subvert|rationalize|politicize|tarnish|stifle|thwart
,,chicken|milk|cook|bacon|fry|sandwich|cheese|beef|bread|candy|mmm|cake|pie|sauce|wine|chocolate|butter|soda|popcorn|delicious|bake|veggie|flavor|mash|yum|pineapple|yummy|ham|soup|toast|spice|cooky|biscuit|salad|tasty|grill|sausage|cereal|eater|butty|nugget|homemade|flavour|bbq|waffle|ketchup|pepperoni|noodle|spicy|dessert|sarnie|crispy|bologna
,,hypocrite|traitor|po|puppet|coward|scumbag|phony|shill|wannabe|rino|sellout|psychopath|spineless|cuck|weasel|slimy|wimp|lowlife|traitorous|stooge|nutcase|charlatan|phoney|divider|gutless|warmonger|poser|mutt|mouthpiece|sleaze|hypocrit|turncoat
,,socialist|communist|fascist|dictator|marxist|regime|capitalist|tyranny|anti-american|dictatorship|overthrow|tyrant|takeover|tyrannical|lawless|oppressive|godless|globalism|totalitarian|socialistic|authoritarian|cesspool|utopia|theocracy|globalization|domination|monarchy|caliphate|despot
,,actor|artist|celebrity|journalist|singer|musician|comedian|performer|entertainer|rapper|actress|businessman|icon|dj|youtuber|athlete|songwriter|debater|superstar
,,bank|lobbyist|mac|ford|bailout|bribe|gm|mae|freddie|fannie|chrysler|goldman|pac|bailouts|sachs|bain|bros|ge|hedge|buffet|robber|tarp|solyndra|aig|bp|deregulate|fanny|exxon|halliburton
,,actual|absolute|extreme|alternative|expert|emotional|intellectual|environmental|overwhelm|illusion|unknown|objective|endless|immediate|alarm|essential|internal|improvement|unbiased|enormous|ethical|exclusive|ongoing|alternate|extraordinary|agricultural|outdated|authentic|inversion|elaborate|extensive|artistic|unprecedented|infinite|intentional|ideological|obscure|inanimate|inherent|unexpected|unsustainable|adjustment|underlie|unrealistic|undeniable|ecological|ineffective|impartial|immense|exaggeration|evolutionary|unimportant|economical|inconvenient|external|optional|abundant|urgent|indicator|abstract|upward|arbitrary|undue|imminent
,,tear|deep|slow|calm|bow|throat|melt|drain|tone|mow|boil|scroll|upside|syndrome|trickle|flush|spiral|slope|dumbing|dumbed|shitter|shiver
,,moral|intelligence|integrity|compassion|honesty|wisdom|courage|strength|passion|dignity|ethic|kindness|conviction|commitment|decency|patriotism|empathy|humility|intellect|dedication|patience|admiration|discipline|bravery|professionalism|gratitude|appreciation|utmost|determination|maturity|sincerity|civility|eloquence|creativity|encouragement|clarity|poise|stamen|devotion|restraint|brilliance|discernment|fortitude|generosity
,,negative|specific|particular|flaw|valid|logical|legitimate|pointless|mere|meaningless|irrational|illogical|purely|subjective|coherent|concrete|practical|slight|trivial|invalid|juvenile|profound|vague|nonsensical|inflammatory|formal|unreasonable|unrelated|misplace|incoherent|semantics|moot|redundant|hominem|hypothetical|inane|rhetorical|substantive|faulty|distinct|contradictory|futile|definite|simplify|name-calling|simplistic|outlandish|mathematical|strawman|one-sided|inconsistent|formulate|dubious|unclear|circular
,,fruit|banana|potato|apple|sugar|orange|corn|tobacco|rice|bean|kiwi|juice|vegetable|watermelon|pork|peanut|grass|tomato|cream|grape|strawberry|wheat|cane|pepper|pea|onion|peach|sour|carrot|syrup|dairy|pickle|lettuce|chili|shrimp|pine|grit|coconut|olive|pancake|lobster|indigo|sprite|maple|soybean|cucumber|mango|vanilla|fig|tert-butylhydroquinone|rum|sunflower|graft|okra|blueberry
,,oliver|edward|nelson|stewart|owen|wayne|dennis|kerry|heidi|wick|stevens|willis|boehner|crawford|hopkins|brennan|dickerson|deere|oliver's|marley|podesta|garrison|amos|elton|ritchie
,,kfc|paint|chip|toy|scent|wet|pen|scratch|silver|filter|soap|sniff|fancy|gravy|wire|plug|colonel|pad|doll|weave|cookie|rubber|tin|peel|tissue|gum|mini|purse|ink|laundry|cardboard|glue|flour|pencil|wax|foil|lace|bun|balm|implant|dough|microwave|burlap|barbie|grease|scrub|perfume|shiny|broom|glitter|knit|mint|wooden|cutter|splash|magnet|lighter|cement|drumstick|micro|sticky|scooter|toothpaste|malfunction|razor|semen|lotion|trim|tablet|cologne|fuse
,,11|18|17|13|16|14|19|21|23|24|22|28|26|29|32|27|31|36|34|11th
,,pussy|spoil|punk|crybaby|brat|whiny|whiner|pansy|whiney|sissy|hipster
,,opportunity|option|extra|island|accident|object|emergency|estimate|asset|electric|additional|application|appointment|aspirin|instant|iphone|airline|airplane|adventure|icy|explosion|intern|admission|octopus|invitation|atomic|occasional|extension|ounce|overprice|overnight|attendant|ak|accountant|alcoholic|instrument|unaccompanied|indication|atom|obamaphone|alaskan|essay|expiration|arrow|abundance|aussie|uprise|android|upgrade|orgasm|infraction|inconvenience|ipad|umbrella|overhaul|ambulance|erection|elevator|influx|inspector|std|antique|epidural|accidental|axe|assignment|iou|accessory|injection|orphanage|outhouse
,,ma|di|tu|che|ti|ke|Ã¨|ci|sono|io|hai|visto|fa|chi|cosa|alla|os|mio|anche|questo|ciao|gli|della|prima|dai|nn
,,putin|hitler|kim|hussein|ali|castro|khan|muhammad|valerie|chavez|sharpton|mohammed|vladimir|stalin|ahmed|hugo|trudeau|mohamed|merkel|mao|marx|adolf|jong|soetoro|jarrett|mohammad|patel|ahmad|shah|hassan|abu|fidel|malik|hussain|lenin|vlad|queda|ibrahim|abdul|syed
,,michelle|joe|scott|rick|nancy|harry|eric|walker|bob|pelosi|frank|billy|warren|cindy|chelsea|alan|greg|chuck|johnny|reid|craig|larry|barbara|dale|marc|bobby|michele|erica|roy|mitch|lindsey|mcconnell|boxer|brady|donnie|barney|plumber|donny|willy|willie|dodd|maxine|lamont|bubba|schumer|bj|buffett|lieberman|butch
,,shall|forgive|praise|worship|guide|glory|forbid|command|unto|ye|curse|righteous|thou|almighty|repent|thy|mighty|eternal|thee|faithful|confess|righteousness|wrath|fulfil|shalt|woe|perish|jehovah|hath|rejoice|mortal|forsake|ordain|anoint|rebuke|hast|akbar|merciful|everlasting|defile|obedience
,,sandstormdarude|ğŸ’°|ğŸ’¨|ğŸ”ª|ğŸ’’|ğŸ›€|ğŸš¨|ğŸ’£|ğŸ½|ğŸ‘§|ğŸœ|ğŸ’Š|ğŸ’|ğŸš¿|ğŸ’µ|ğŸ”|ğŸ|ğŸ’‰|ğŸš“|ğŸ’²|ğŸ§|ğŸ†|ğŸ’¸|ğŸ´|ğŸ”¨|ğŸ”©|ğŸšƒ
,,typical|wing|fanatic|partisan|right-wing|winger|ultra|loon|hippie|left-wing|neo|hardcore|alt|rabid|looney|zealot|birther|wacko|fringe|loony|regressive|propagandist|espouse|neo-con|batshit|reactionary|nutjob|nutty|masquerade|kook|pseudo|alt-right|playbook|wacky|craze|nutjobs|facist|religous|manifesto|sanctimonious
,,jessica|justin|beyonce|jay|monica|perry|marilyn|tina|mar|roger|katy|z|hank|carly|beyoncÃ©|evan|madonna|turner|hamilton|bruno|rae|bethany|monroe|eva|baldwin|joanne|alec|bieber|mariah|longoria|swift|boop|mccarthy|drake|ivanka|melody|mj|kurt|britney|angelina|eminem|carey|fey|lana|bey|ariana|rihanna|caitlyn|bette|jenner|sb|cyrus|beatles|nicki|rey|miley|irving|migos|homer|selena|billie|kendrick|kardashian|adele|midler|bellucci|gabriella|woody|guthrie|sanderson|bullock|cher
,,smith|robert|adam|thomas|lee|jackson|davis|wilson|william|jim|austin|charles|ii|lewis|thompson|parker|baker|ross|henry|jefferson|madison|cole|ward|iii|terry|morris|logan|charlotte|wade|walter|brook|douglas|reed|powell|stacey|gordon|jeffrey|helen|stanley|elli|butler|porter|peggy|sierra|carpenter|sydney|roe|vince|gabrielle|byrd|ralph|armstrong|kent|brewer|newton|gardner|warner|payne|gabby|norman|burgess|betsy|leonard|marion|judith|giffords|cohen|perkins|forbes|thatcher|buchanan|montgomery|bernard|rhodes|patton|frederick|sherman|benson|reno|klein|barr|manson|clarence|shepard|tate|falwell|sinclair|hancock|eugene|zimmerman|liddy|darrell|chester|â€•|milton|ellison|mullins|yates|hampton|mckinney|mcdowell
,,art|writer|junkie|photographer|enthusiast|reader|nerd|geek|entrepreneur|photography|avid|blogger|amateur|gamer|poet|jazz|alumnus|freelance|gardener|outdoors|yoga|classical|foodie|poetry|aficionado|buff|sci|golfer|guru|filmmaker|philosopher|promoter|evangelist|painter|fisherman|realtor|inventor|guitarist|cyclist|connoisseur|pioneer|stand-up
,,mental|disease|cure|illness|disorder|physical|addiction|virus|severe|psychological|genetic|symptom|sickness|zika|trauma|autism|parkinson's|hiv|defect|chronic|dementia|obesity|brucellosis|fatal|catastrophic|cognitive|midget|parkinson|probable|induce|mutation|alzheimer's|retardation|behavioral|traumatic|contagious|transmit|bodily|testicular|preventable|microcephaly|dysfunction
,,professional|computer|project|design|technology|international|engineer|manager|tech|management|communication|device|designer|equipment|digital|industrial|construction|consultant|software|nasa|chef|certify|specialist|researcher|manual|specialize|developer|operator|mobile|technical|electronic|landscape|strategic|architect|instructor|skilled|mechanic|interior|innovation|electrical|builder|satellite|trainer|mechanical|maintenance|technician|mba|cellphone|part-time|microsoft|regional|database|neurosurgeon|non-profit|full-time|electronics|biologist|massage|nonprofit|programmer|architecture|dev|virtual|recruitment|waitress|aviation|llc|innovative|specialty|planner
,,et|il|je|pa|ce|bien|ne|Ã |est|qui|vous|prÃ©sident|une|nous|dans|tout|merci|par|avec|suis|mon|sur|faire|franÃ§ais|comme|notre|monsieur|sont|trÃ¨s|cette|votre|monde|bonjour|tous|aux|Ãªtre|ont|sans|peut|beaucoup|avoir|somme|alors|toujours|bonne
,,1st|2nd|20th|14th|19th|1776|25th|15th|18th|13th|1983|28th
,,60|mid|1980|1960|1990|1800|1950|1970|sixty|1930|1900|1960s|1940|1980s|1950s|1920|1970s|1800s|1930s
,,2008|2015|2009|2000|2010|2014|2011|2013|2007|2006|2005|2001|1964|2004|2002|1984|2003|1996|1999|1997|1993|1995|1994|1865|1992|09|1913|1998|1968|1988|1981|1989|1975|1985|04|1965|1987|1991|1986|1973|1967|1971|1972|1969|1976|1978|1979|1961|1982|1963|1945|1938
,,na|ta|ho|ba|Ì‡|d:|bu|bama|nie|od|ra|ale|oo|ani|tak|ki|mu|dun|ae|wan|siÄ™|bt|tam|jak|bir
,,#theresistance|#resist|#resistance|#fbr|ğŸŒŠ|#notmypresident|#uniteblue|#blm|#nevertrump|#impeachtrump|#stillwithher|#trumprussia|#imwithher|#indivisible|#metoo|#nodapl|#bluewave2018|#fucktrump|#imstillwithher|#bluewave|#lgbt|#dumptrump|#strongertogether|#equality|#impeach|#demforce|#climatechange|#lgbtq|#demexit|#berniesanders|#progressive|#impeach45
,,ufo|gold|zombie|magic|savage|legend|candle|dragon|golden|horn|saint|cloak|potter|robot|portal|twin|hologram|rocket|pyramid|bud|hugh|freeman|hefner|ghost|tale|captain|fairy|batman|virgin|invisible|mm|invisibility|mystery|princess|markiplier|hawk|devil's|mcneeley|wee|d'banj|cern|yankee|bullfrog|spaceship|magical|tooth|kermit|diy|leap|frankenstein|lone|cricket|ivory|ninja|vegeta|elvis|spaghetti|wizard|villain|oz|hellbent|ab|yggdrasil|falcon|superman|moab|champ|kit|dbanj|mole|hef|moth|madman|lad|pirate|cutie|darwin|gem|awesomeness|stoner|funk|moo|obamanation|swag|bong|buster|sorta|bigfoot|martian|mk|mcneely|wiener|packer|biker|tupac|atlas|ness|sponge|waterspout|macho|sherlock|giveaway|tesla|raider|zeus|reincarnate|nun|voldemort|vampire|feat|dolan|housewife|stalker|chap|viking|lew|goblin|goliath|jedi|oreo|roller|grammy|ufo's|o's|kite|butterfly|arch|moly|fury|darth|morty|10/10|grumpy|viagra|sully|sorcery|plank|glimpse|4chan|foo|indy|bing|vader|mothership
,,te|muy|vida|dios|mejor|grande|amo|gracias|quiero|desde|siempre|gran|amigo|vive|buen|buena|paz|paso|hermosa|muchas|excelente|feliz|voz|triste|#makeourplanetgreatagain|hermoso|seÃ±or|hoy|amÃ©n|isla|pronto|amÃ©rica|bello|canciÃ³n|buenos|oportunidad|historia|mucha|cancion|espaÃ±a|bendiga|cee
,,jennifer|lisa|jeff|elizabeth|ann|linda|karen|sara|heather|julie|susan|donna|ellen|debbie|jane|kathy|sandra|kimberly|jackie|beth|sharon|lori|tammy|paula|carol|brenda|betty|denise|diane|diana|becky|teresa|patricia|wendy|blair|gina|janet|melanie|cheryl|judy|alicia|liz|claire|norma|dana|jen|cathy|pam|kathleen|erika|pamela|kris|theresa|maggie|stacy|shirley|bonnie|ruth|terri|carolyn|rhonda|sherry|debra|sheila|janice|susie|vicki|tonya|deb|rita|gail|joan|evelyn|vicky|kristi|brandy|maureen|darlene|melinda|jeanne|wanda|jarrod|dianne|sheri|marsha|vickie|juanita|lois
,,Ã©|nÃ£o|isso|mais|cara|uma|pra|ele|tem|esse|essa|foi|vcs|fazer|meu|sÃ³|vai|quem|vc|ter|aqui|pegadinha|nao|mesmo|faz|jÃ¡|quero|mano|eles|quando|sÃ£o|sou|sem|assim|ainda|seu|errado|vocÃª|rÃºssia|atÃ©|pode|ao|desse|aÃ­|sua|es|urso|pela|tÃ¡|tenho|coisa|nossa|dessa|onde|respeito|nesse|nessa|dÃ¡
,,taylor|marie|nicole|ashley|mary|tyler|amanda|laura|amy|emily|morgan|melissa|stephanie|lauren|katie|lynn|samantha|hannah|jamie|brittany|anna|emma|amber|andrea|rebecca|shannon|angela|anne|kate|victoria|christina|courtney|erin|kayla|christine|louise|brooke|natalie|tiffany|jo|bailey|jade|renee|alyssa|olivia|jess|jenny|whitney|paige|nikki|kelsey|alexandra|kristen|shelby|catherine|allison|alice|sophie|chloe|lucy|leah|leigh|jenna|haley|caitlin|molly|brianna|abby|ellie|savannah|kaitlyn|dalton|brandi|missy
,,grand|husband's|mother's|mom's|father's|dad's|wife's|oldest|son's|daughter's|youngest|daddy's|friend's|brother's|grandmother's|co-worker|sister's|uncle's|maternal|in-law|coworkers
,,amin|yg|itu|dia|yang|ini|ada|orang|manusia|nya|mau|aja|mereka|singa|bisa|saya|suku|kita|boneka|dah|dari|berita|tau|sama|jangan|buat|gak|mana|mungkin|kalo|jadi|kiamat|kok|tidak|juga|kali|tuh|gk|tapi|dengan|bukan|aku|lari|percaya|lagi|atau|kalau|udah|editan|hanya|nih|mante|lah|hutan|liat|cuma|jgn|untuk|masuk|sudah|masih|banyak|cari|baca|dunia|pada|bikin
,,ã€‚|ã€|ï¼|ãƒ»|ï¼Œ|ã€|ã€Œ|ï¼Ÿ|ã€|ã€|ä¸­æ‘çŸ³é‡|æ˜é¦™|ï¼ˆ|ï¼‰
,,"300|000|1000|500|000,000|50k|1,000|400|10,000|00|300,000|100,000|50,000|600|700|800|1m|1.5|4.30|1,300|3000|200,000|5000|30,000|250|20,000|900|500,000|250,000|1.2|350|100k|1.4|5,000|2.5|3,000|4.00|2,000|1500|6000|200k|45,000|2500|130|4000|15,000|10k|4,000|6,000|250k|3.5|160|1.6|whop|40,000|125|400,000|1.8|320|1200|1300|1mil|60k|450|25,000|1million|20k|000.00|500k|4k|800,000|1,500|150,000|5k|999"
,,matthew|roman|luke|):|chapter|timothy|psalm|isaiah|proverb|leviticus|genesis|corinthian|mathew|chronicle|kjv|â€¬|twain|rom|ephesian|ezekiel|â€­
,,à¹ˆ|à¹‰|à¸±|à¸µ|à¸´|à¸·|à¸¸|à¸¹|à¸™|à¹‡|à¸¡|à¹Œ|à¸­|à¸|555|à¸¶|à¸‡|à¸•|à¸§|à¸ª|à¸š|à¸”|à¸—|à¹„à¸¡|à¸¢|à¸£
,,dan|ni|kay|ko|ng|li|ang|ay|ka|mah|lu|lang|foto|kaya|yan|mga|yung|sharma|nguyá»…n|ting|hal|bebe
,,@lisztnut|@pataskalagirl|@jjgreek2|@prayforthegaycure|@lakeishaqueen|mrebonyman|@tsuruta1|@7779311tt|@mistermouthy|duround|@taneishared1990|@guitarttimman|@mrorigins1|@nradude|namordecai|@mrebonyman|@michaeiparker|@arthurcoombs|lisztnut|@surrealltv|@changemeansnowhites|@clubindiana4|@sporto14|@southernsexxy|mrebony|@truthalwaysherts|@icaucusregion6|@soccerlover1980|@edwardhunterdon|@bvdwidepants|@johnjenkins500
,,april|january|june|nov|jan|july|september|december|october|august|february|sept|fy|dec|oct|feb|8/|aug
,,ğŸ’™|ğŸ’•|ğŸ’œ|â™¡|ğŸ’–|ğŸ˜‡|âœ¨|ğŸ’š|ğŸ’—|ğŸŒ¹|ğŸ‘‘|ğŸ’›|ğŸ’‹|ğŸ’|ğŸ‰|ğŸ’“|ğŸ¾|ğŸŒŸ|ğŸ’|ğŸ’˜|ğŸ’Ÿ|ğŸ•|ğŸ’|ğŸ
,,jordan|hay|ray|dawn|holly|crystal|gray|mason|ash|knight|patty|berry|eli|lamb|mat|lily|sally|harley|clay|pierce|cannon|shepherd|zoe|rod|ruby|rocky|levi|castle|autumn|roach|ginger|barb|eden|dash|dorothy|cheyenne|lilly|jolly|frost|forrest|floyd|jewel|grove|dane|moss|bert|raven|hen|curry|wang|alexandria|garland|hatch|mercedes|bland|sear|oak|dusty|tyrone|tang|baron|burr|rusty|crowley|wu|hull|beaver|angus|tamir
,,3rd|4th|5th|8th|fourth|6th|7th|fifth|9th|10th|sixth|12th
,,williams|miller|mitchell|harris|robinson|tracy|murphy|campbell|russell|evans|collins|phillips|rogers|bradley|watson|harrison|connor|riley|bennett|peterson|murray|garrett|cox|griffin|hughes|hart|richardson|gibson|curtis|joyce|bryant|elliott|robertson|reynolds|sullivan|myers|fisher|holmes|shaw|barber|barnes|palmer|davy|gilbert|webb|dillon|walsh|henderson|harper|jenkins|watt|boyd|hudson|johnston|richards|kane|coleman|burke|wagner|carroll|simmons|dixon|patterson|o'brien|griffith|moran|schmidt|dunn|barrett|chapman|lloyd|nichols|morrison|davidson|trent|bryce|hoffman|doyle|snyder|meyer|jensen|dawson|chandler|carr|burton|keller|cunningham|lyon|weaver|williamson|parson|pearson|wyatt|gill|jennings|lawson|horton|hardy|colton|hawkins|misty|maxwell|steele|fitzgerald|nolan|neal|pitt|hale|fletcher|randall|olson|carlson|fuller|watkins|chen|madden|lowe|meredith|macdonald|o'connor|newman|gallagher|welch|schneider|hanson|sims|weber|walton|howe|fraser|greene|howell|barnett|mccoy|saunders|duffy|barton|larson|underwood|marsh|fowler|vaughn|reese|gibbs|swanson|foley|conner|fleming|higgins|shelton|gregg|caldwell|farrell|hubbard|phelps|o'neill|goodwin|chang|baxter|moody|thomson|nicholson|sutton|kerr|stevenson|bowman|boyle|osborne|cummings|kirby|mclean|bowen|pearce|morton|mckenna|skinner|sawyer|ramsey|bauer|christensen
,,cheetos|teddy|temptation|beggin|milkbones|cheez|cheezits|pupperoni|poptarts|pj|cheez-its|milkbone
,,van|tara|julia|alexis|vincent|erik|leon|sabrina|bianca|tanya|gloria|nina|mel|sebastian|andre|mann|kristina|lara|nicolas|audrey|marina|mari|belle|cassandra|dani|elena|frankie|lea|felix|naomi|isabella|franco|camille|pauline|irene|wtfff|simone|stefan|esther|nadia|regina|lim|pierre|jj|vera|tia|berg|clara|yee|vivian|nic|sol|kristine|andreas|iris|michel|nico|wei|ly|luca|jocelyn|lena|val|jasmin|nadine|damian|aria|silvia|eddy|nielsen|aman|denis|demi|elisa|stella|kai|lucia|anastasia|vo|isabelle|pham|elsa|lina|fatima|nathaniel|pepe|yolanda|marianne|francesca|jonas|jana|antoine|dina|nan|serena|rochelle
,,selfish|arrogant|dishonest|incompetent|bitter|narcissistic|divisive|cowardly|narcissist|unstable|smug|psychotic|unqualified|maniac|shameless|trashy|egotistical|inept|senile|pompous|classless|demented|cynical|inexperienced|manipulative|self-righteous|ruthless|self-serving|soulless|underhanded|demagogue|unhinge|vindictive|untrustworthy|cocky|thoughtless|uncaring|dishonorable|sociopathic|deprave|unfunny|sadistic|amoral
,,director|author|founder|association|review|publish|editor|magazine|newspaper|institute|alum|previously|contributor|economist|analyst|ministry|journal|watcher|politico|formerly|historian|mavni|ap|prominent|archive|strategist|kuwaiti|spokesman|herald|cato|investigative|publication|correspondent|nyt|publisher|co-founder|annenberg|columnist|editorial|advisory|longtime|fmr|unveil
,,Ğ¸|Ğ²|Ğ½Ğµ|Ñ|Ğ½Ğ°|Ñ‡Ñ‚Ğ¾|ÑÑ‚Ğ¾|Ğ°|ĞºĞ°Ğº|Ñ|ÑÑ‚Ğ°Ñ‚ÑŒ|Ñ„ĞµĞµĞ¹|Ğ·Ğ°|Ñƒ|Ñ‚Ğ¾|Ğ²ÑĞµ|Ñ‚Ñ‹|Ğ½Ğ¾|Ğ²Ğ¸Ğ´ĞµĞ¾|Ñ‚Ğ°Ğº|Ğ²Ñ‹|Ğ¿Ğ¾|Ğ¼ĞµĞ½Ñ|Ğ²Ğ¸Ğ½ĞºÑ|ĞµÑĞ»Ğ¸|ĞºÑ‚Ğ¾|Ğ¿Ñ€Ğ¾ÑÑ‚Ğ¾|Ğ¼Ğ½Ğµ|Ğ¸Ğ·|Ğ²Ğ¾Ñ‚|Ğ¾Ğ½|Ğ´Ğ°|Ğ±Ñ‹|ĞºĞ¾Ğ³Ğ´Ğ°|Ñ„ĞµÑ|Ğ¾Ñ‚|Ğ½Ñƒ|Ğ¿Ñ€Ğ¾|Ğ¶Ğµ|Ğ¾Ñ‡ĞµĞ½ÑŒ|Ğ¸Ğ»Ğ¸|Ñ‚Ğ¾Ğ»ÑŒĞºĞ¾|Ğ¿ĞµÑĞ½Ñ|Ğ´Ğ»Ñ|Ğ¾Ğ½Ğ¸|Ğº|ĞµĞ³Ğ¾|Ğ¾Ğ½Ğ°|Ğ½Ğ°Ğ´Ğ¾|ĞµÑÑ‚ÑŒ|Ğ¾|ÑƒĞ¶Ğµ|Ğ¼Ğ¾Ğ¶Ğ½Ğ¾|ÑĞ¿Ğ¾ÑĞ¾Ğ±|Ğ¼ÑƒĞ·Ñ‹ĞºĞ°|Ñ‡Ñ‚Ğ¾Ğ±Ñ‹|Ğ¼Ñ‹|Ğ±Ñ‹Ğ»Ğ¾|Ñ‚Ğ°Ğ¼|Ğ²ÑÑ‘|Ğ½ĞµÑ‚
,,maria|jose|carlos|juan|luis|mira|victor|jorge|morale|adrian|rosa|antonio|miguel|mario|manuel|claudia|rio|omar|jaime|fernando|ivan|alejandro|luna|ricardo|santiago|alberto|javier|edgar|daniela|cesar|karina|cristina|roberto|guzman|pablo|sergio|alma|salina|marcos|xavier|andres|ruben|julio|isabel|guerrero|sofia|erick|natalia|raul|peÃ±a|campos|manny|josÃ©|edwin|cristian|mayra|paola|fabian|angelo|enrique|villa|lorena|armando|arturo|miriam|lorenzo|mora|barrio|gaby|rosario|cecilia|marin
,,garcia|rodriguez|martinez|lopez|hernandez|gonzalez|sanchez|vanessa|torres|ramirez|rivera|flores|ramos|reyes|diaz|gomez|gutierrez|mendoza|ortiz|ruiz|castillo|gonzales|moreno|jimenez|alvarez|medina|romero|carmen|garza|karla|salazar|fernandez|hector|herrera|adriana|vargas|soto|vasquez|rene|angelica|aguilar|alexa|alejandra|delgado|ortega|navarro|sandoval|sonia|valdez|mendez|maldonado|padilla|contreras|estrada|molina|alvarado|vazquez|rojas|munoz|marquez|santana|dominguez|figueroa|raquel|tania|priscilla|ayala|espinoza|cortez|acosta|villarreal|juarez|mejia|valencia|rangel|ramon|avila|yvette|fuentes|duran|nunez|solis|roble|aguirre|carrillo|rosales|cabrera|pacheco|serrano|ochoa|salas
,,muito|bom|bem|parabÃ©ns|boa|melhor|feito|minha|foda|mÃºsica|sempre|lindo|deus|gostei|achei|ficou|diva|genial|demais|ideia|parabens|adorei|amei|yaaas|mulher|rainha
,,ich|der|ist|und|ein|mal|ja|den|mit|nicht|auch|von|zu|auf|wie|fÃ¼r|wir|nur|wenn|sie|mich|eine|aber|noch|wo|sind|hier|kann|mir|geil|bei|einen|bÃ¤r|sich|oder|ihr|doch|immer|wer|das|dann|haben|einfach|russland|mein|sein|schon|wird|nach|wieder|alles|vor|diese|gar|mehr|euch|alle
,,er|du|vi|han|det|kan|om|og|pÃ¥|som|har|Ã¤r|jag|sÃ¥|och|att|var|av|jeg
,,33|55|65|38|53|52|51|42|48|44|43|49|57|46|37|72|41|39|54|56|59|64|69|66|58|67|68|63|62|93|82|61|79|76|91|86|84|92|73|01|89|74|81|02
,,ğŸ‡·|ğŸ‡²|ğŸ‡½|ğŸ‡±|ğŸ‡¨|ğŸ‡¦|ğŸ‡®|ğŸ‡§|ğŸ‡¬|ğŸ‡µ|ğŸ‡ª|ğŸ‡¹|ğŸ‡³|ğŸ‡«|ğŸ‡©|ğŸ‡¯|ğŸ‡°|ğŸ‡­|ğŸ‡´|ğŸ‡»|ğŸ‡¿
,,ser|ese|todo|todos|gente|solo|persona|hacer|tiene|estÃ¡|fue|sus|esa|donde|uno|paÃ­s|algo|nunca|somos|vez|ahora|hasta|pais|quien|familia|sobre|nadie|estos|mismo|nosotros|cada|otro|ellos|tambiÃ©n|estar|entre|aquÃ­|pueblo|cosas|hijos|poder|tiempo|esos|nuestro|estas|unidos|hecho|unos|muchos|estados|otra|tal|otros|niÃ±os|dÃ­a|ustedes|haber|nuestra|debe|tanta|tambien|pueden|estado|esas|estan|sido|tus|quiere|viene|cualquier|nuestros|habla|haciendo|junto|extranjeros|joven
,,bend|cliff|globe|9000|dub|revolve|alll|parachute|preside|plaster|317|comb|drool|hover|420|anyday|gloss|fawn
,,\|Â°|â˜…|â˜†|___|Â·|{|}|Â§|â €|Í¡|Â¯|__|â‚¬|Â£|:-:|ch|â€|stat|Ã·|ï¼¿|Íœ|â—|Ã—|ï¿£|Ê–|(8|â– |Ï‰|Â¥|â™ª|â™«|âŠ™
,,#2a|#nra|#conservative|#buildthewall|#1a|#prolife|#patriot|2a|#tcot|#christian|#ccot|#deplorable|#military|#constitution|#usa|#israel|Î»Î±Î²Îµ|#pjnet|#god|Î¼Î¿Î»Ï‰Î½|#benghazi|#veterans|#vets|#cruzcrew|#veteran|1a|#america|#noamnesty|#codeofvets|#tgdn
,,ai|ala|pipi|noi|padure|tare|poate|melodia|unde|voi|dus|targoviste|bine|dragnea|esti|chiar|pise|cine|acolo|tÃ¢rgoviÈ™te|tine|ea|aia|caca|aici|vede|numai|wc|doar|cace|romani|pare|jos|astia|bacau|fie|pana|prin|vad|lor|loc|mult|fel|melodie|mea|zapada|luat
,,eso|porque|nada|esto|jajaja|bueno|asÃ­|Â¿|jajajaja|verdad|puede|ella|creo|asi|jaja|quÃ©|oso|tienen|hombre|serÃ¡|vivo|sabe|estÃ¡n|serum|puedo|pasa|estamos|jajajajaja|tenemos|pues|deja|ahÃ­|vale|ahi|ojala|cree|cierto|anda|dicen|wey|cÃ³mo|entiendo|podemos|hicieron|miedo
,,yikes|yuck|ewww|o_o|ew|whaaat|ouch|hm|omgosh|yuk|bummer|smfh|grrr|gtfoh|hum|roflmao|eww|waaa|:-/|dafuq|whew|ughhh|ooohhh|111|whattt|fuuuck|ijs|whaaa|riiight|bahahahaha|wwjd|pfft|wha|pleaseee|duhhh|ooops|foh|dayum|lololololol|aaahhh|geeez
,,carro|canal|mundo|vÃ­deo|lugar|brasil|papel|dono|vox|papeis|sabia|lado|outros|pessoal|papÃ©is|doi|meio|caso|tomar|vÃ­deos
,,â”|Â¤|â”ƒ|Â¸|Ã¸|Âº|â€|Â¨|â–¬|â”|â”«|â”£|â”“|â”—|â”»|â”›|â•­|â”³|â•®|â•°|â˜­|â•±
,,c'est|Ã§a|lui|fait|bon|anglais|moi|quand|beau|parle|trop|vu|j'ai|mÃªme|toi|vie|elle|lÃ |aussi|qu'il|mdr|faut|russie|quoi|rien|encore|pense|vraiment|vos|veux|vrai|venir|quel|mieux|enfin|tres|discours|petit|voir|mot|juste|sais|planÃ¨te|maxime|aller|oui|n'est|qu|qu'on|jamais|manu
,,mexicano|Â¡|madre|mÃ©xico|puta|viva|puto|mierda|ruso|hijo|pinche|pendejo|presidente|rusia|eres|saludos|perro|loco|verga|hubieran|raza|gringo|pobre|pedo|racista|putos|maldito|matado|pendejos|basura|rusos|mexicana|europa|viejo|hermanos|puro
,,oscar|tattoo|nguyen|gen|mia|dee|singh|bella|tran|kat|meg|wong|daisy|ace|jd|aj|chan|tat|maya|stan|darling|sophia|rus|nana|cc|cj|ac|chanel|bae|dir|lam|dom|panda|coco|kumar|mimi|jc|sup|ira|eng|nat|badger|vin|yogi|finn|thai|welsh|lai|kc|mp|barron|izzy|mona|lola|auntie|bentley|bri
,,ğŸŒˆ|ğŸŒ|ğŸ—½|ğŸŒ¸|ğŸŒº|ğŸŒ»|ğŸŒ²|ğŸ€|ğŸŒ|ğŸ•Š|ğŸˆ|ğŸŒ´|ğŸ’|ğŸŒ|ğŸŒ±|ğŸ’|ğŸŒ|ğŸŒ·|ğŸ¦‹
,,deficiente|vocÃªs|fosse|tudo|pelo|acho|ela|tempo|pq|depois|tinha|queria|seria|tambÃ©m|thiago|existe|dele|musica|br|fez|verdade|vou|trabalho|porra|alguÃ©m|estÃ£o|lÃ¡|fizeram|realmente|outro|mentira|certo|nÃ©|galera|tava|essas|dando|filme|seus|mim|povo|tÃ£o|massa|quer|estava|toma|algum|estou|brasileiro|disso|merda|fazem|pouco|poderia|ninguÃ©m|vÃ£o|fazendo|gostaria|levar|viu|tbm|saiu|acidente
,,ou|vaga|ia|parte|tipo|ante|casa|tanto|nem|menos|moto|fica|deficientes|sei|estacionar|poi|igual|multa|hora|vagas|falta|deve|vergonha|direito|merece|guarda|quanto|mato|terra|pai|atitude|causa|bola|sai|sao|outra|sair|pensar|deveria|parar|aki|pagar|qual|vezes|deu|tirar
,,ig|insta|ğŸ˜|ğŸš€|ğŸ“|ğŸ¦…|Â©|:@|â†’|Â»|fc|â–ª|#truth|Â®|ğŸŠ|ğŸ”´|#politics|ğŸš”|ğŸ¦|alumna
,,ir|toda|pessoas|bajo|vamos|agora|rua|pinch|pessoa|cagar|cidade|lei|bajÃ³|orinar|mear|corta|comprar|matar
,,ana|lucas|olha|gabriel|amor|silva|santos|rafael|pedro|pena|eduardo|capa|oliveira|felipe|sim|monte|guerra|gabriela|lima|mariana|gustavo|alexandre|kk|leonardo|rodrigo|paulo|rodrigues|elia|mata|tiago|russo|souza|ferreira|fernanda|matheus|luz|dela|guilherme|henrique|larissa|mina|andrade|luiz|invisibilidade|rocha|camila|juliana|pereira|nieto|fernandes|manda|mauricio|beatriz|igor|duarte|alves
,,pause|2:56|stare|2:55|chuckle|0:38|1:04|1:30|1:24|1:51|1:52|1:05|2:57|1:10|1:50|disco|0:06|1:00|seam|0:30|2:52|2:00|1:03|0:40|2:25|0:39|0:07|1:09|shudder
,,ğŸ»|ğŸ¶|ğŸ˜¹|ğŸ‘»|ğŸ˜»|ğŸ˜Œ|ğŸ˜™|ğŸ’¦|ğŸ±|ğŸ˜š|ğŸ™‰|ğŸƒ|ğŸº|ğŸ˜¿|ğŸ˜—|ğŸˆ
,,romania|argentina|costa|holland|colombia|salvador|chile|nova|kong|morocco|hong|peru|rica|thailand|malaysia|guatemala|singapore|austria|montreal|ghana|jamaica|gb|wale|keisha|toledo
,,ğŸ¶|ğŸˆ|ğŸ|ğŸ–¤|ğŸ“š|ğŸ’«|ğŸ¼|ğŸ¤|ğŸµ|ğŸ¥|ğŸ‘ |ğŸ†|ğŸ¦„|ğŸ¸|ğŸ€|ğŸ§|ğŸ’»|ğŸ¨|ğŸ·|ğŸ­|ğŸ¬
,,hahahah|loool|hehe|:-d|;d|hah|hahahahahahaha|xddd|haaa|wooow|hahahahah|hehehe|omggg|hhh|lolz|wowww|dd|ahahaha|aha|:')|ahaha|hahahahahahahaha|lool|xdd|gg|lolll|hahahha|:-p|coool|ahahah|oy|hahahahahah|bah|woow|loll|vey|damnnn|emin|ahah|hillarious|yaaasss|faaake|ahahahaha
,,à¤¾|à¥‡|à¥|à¥€|à¤•|à¤¿|à¤°|à¤‚|à¥‹|à¤®|à¤¹|à¤¨|à¤¸|à¤¤|à¤¯
,,angie|jasmine|lindsay|leslie|caroline|veronica|cynthia|kristin|natasha|deborah|connie|caleb|katherine|hayley|laurie|annie|cassie|rachael|toni|elaine|carla|mandy|ashleigh|tracey|marissa|kara|monique|brendan|suzanne|jacqueline|alison|torus|colleen|brittney|leanne|nichole|mackenzie|kristy|kylie|kathryn|mckenzie|steph|hayden|annette|becca|tamara|lynne|aimee|robyn|jodi|deanna|allie|shelley|jenn|yvonne|ariel|amelia|elise|hanna|devon|sylvia|maddie|cassidy|abigail|tristan|kirsten|eileen|lambert|lacey|kendall|patti|krystal|hailey|sasha|bridget|krista|breanna|lydia|gemma|ashton|clare|robbie|lexi|kellie|ashlee|dominique|preston|nicola|jodie|alana|katelyn|kaitlin|maddy|candice|justine|trish|lorraine|avery|jayne|janelle|kendra|bec|jillian|chrissy|michaela|reece|kieran|alisha|kaylee|kari|mindy|abbey|marlene|tami|faye|fiona|bree|kirsty|shea|gage|lyn|jeanette|kasey|josie|gabe|tricia|marisa|briana|tasha|mallory|tessa|charlene|teri|valentine|roxanne|belinda|rhys|donovan|ciara|rachelle|stefanie|kimberley|gracie|celeste|sadie|joann|britt|rebekah|jayden|janine|chelsey
,,chad|randy|fred|doug|troy|kenneth|anita|philip|gregory|micheal|christy|gavin|raymond|phillip|sammy|malcolm|shelly|dwayne|lance|dominic|boris|kirk|clint|kelli|tj|gerald|beverly|milo|stevie|benny|jody|mack|marty|desiree|freddy|derrick|richie|wes|colby|grime|sherri|jonny|madeline|gwen|louie|abel|marvin|damien|rex|micah|sid|elliot|harold|collin|o'malley|gu|sheldon|patsy|candace|jerome|damon|lynda|jp|hyde|marcia|sidney|byron|trisha|bart|jeffery
,,â€‹|á€¹|á€¸|á€¬|á€­|á€±
,,falso|nave|dice|espaÃ±ol|estaba|trabajo|tener|tierra|espero|planeta|Ã¡rboles|hizo|baÃ±o|poco|forma|hacen|cuenta|agua|padre|seguro|problema|dross|momento|gobierno|luego|montaje|extraterrestre|fuera|marciano|claro|mujer|ayuda|ganas|sÃ³lo|Ã©l|medio|humano|tecnologÃ­a|quieren|malo|escalera|peor|pelÃ­cula|comentarios|nuevo|digo|futuro|comida|cual|posible|arboles|idiota|llama|cabeza|veo|primero|naturaleza|comentario|buenas|increÃ­ble|informaciÃ³n|sigue
,,dit|ik|een|het|ook|echt|ze|niet|voor|wel
,,Ù|Ùˆ|Ø§ÛŒØ±Ø§Ù†|Ù…Ù†|ØŒ|ÙÙŠ|Ø§Ù„Ù„Ù‡|â€|ØŸ|Ù|Ù’|Ù‘|ØªØ±Ø§Ù…Ø¨|Ù|Ø¹Ù„Ù‰|Ù„Ø§|Ø¨Ù‡
,,amiin|aaa|amiiin|aminn|aminnn|ut|sp|comer|ro|oi|amerika|hu|pau|aamiin|madrid|lg|kek|cho|mara|=(|mg|noe|fe
,,ğŸ’ƒ|ğŸ‘‰|âœ‹|ğŸ™…|ğŸ‘¼|ğŸƒ|ğŸ‘ˆ|ğŸ‘¸|ğŸ‘†|ğŸ––|ğŸ…|ğŸ‘‡|ğŸ–’|ğŸ‘¶|ğŸ™†|ğŸ‘|ğŸ’…
